ID,Description,setSize,enrichmentScore,NES,pvalue,p.adjust,qvalue,rank,leading_edge,core_enrichment
GO:0060294,cilium movement involved in cell motility,33,-0.800696939342583,-2.71216485190713,1e-10,4.345e-08,3.82631578947368e-08,1417,tags=67%, list=8%, signal=61%,Nvec_vc1.1_XM_048729395.1/Nvec_vc1.1_XM_001629370.2/Nvec_vc1.1_XM_032365785.2/Nvec_vc1.1_XM_032383637.2/Nvec_vc1.1_XM_032377763.1/Nvec_vc1.1_XM_048721752.1/Nvec_vc1.1_XM_048731842.1/Nvec_vc1.1_XM_048725397.1/Nvec_vc1.1_XM_001639363.3/Nvec_vc1.1_XM_001631305.3/Nvec_vc1.1_XM_001632694.3/Nvec_vc1.1_XM_048733388.1/Nvec_vc1.1_XM_048732144.1/Nvec_vc1.1_XM_001627653.3/Nvec_vc1.1_XM_048733038.1/Nvec_vc1.1_XM_032373445.2/Nvec_vc1.1_XM_048726516.1/Nvec_vc1.1_XM_048720051.1/Nvec_vc1.1_XM_032365282.2/Nvec_vc1.1_XM_048722574.1/Nvec_vc1.1_XM_048721080.1/Nvec_vc1.1_XM_048721435.1
GO:0008233,peptidase activity,368,0.578318342949977,1.57604842832118,1e-10,4.345e-08,3.82631578947368e-08,3572,tags=40%, list=20%, signal=33%,Nvec_vc1.1_XM_048726623.1/Nvec_vc1.1_XM_048733437.1/Nvec_vc1.1_XM_048729051.1/Nvec_vc1.1_XM_048729050.1/Nvec_vc1.1_XM_048731468.1/Nvec_vc1.1_XM_048726969.1/Nvec_vc1.1_XM_032377762.2/Nvec_vc1.1_XM_048729052.1/Nvec_vc1.1_XM_048720817.1/Nvec_vc1.1_XM_048720932.1/Nvec_vc1.1_XM_048723195.1/Nvec_vc1.1_XM_032364236.2/Nvec_vc1.1_XM_032362886.2/Nvec_vc1.1_XM_048729136.1/Nvec_vc1.1_XM_032375562.2/Nvec_vc1.1_XM_032369995.2/Nvec_vc1.1_XM_001639862.3/Nvec_vc1.1_XM_048732086.1/Nvec_vc1.1_XM_032383746.2/Nvec_vc1.1_XM_048732632.1/Nvec_vc1.1_XM_032377472.2/Nvec_vc1.1_XM_048724378.1/Nvec_vc1.1_XM_048726622.1/Nvec_vc1.1_XM_001633796.3/Nvec_vc1.1_XM_032385005.2/Nvec_vc1.1_XM_032371254.2/Nvec_vc1.1_XM_048732815.1/Nvec_vc1.1_XM_032367272.2/Nvec_vc1.1_XM_032370149.2/Nvec_vc1.1_XM_032386151.2/Nvec_vc1.1_XM_001638875.3/Nvec_vc1.1_XM_048731716.1/Nvec_vc1.1_XM_032384853.2/Nvec_vc1.1_XM_032385053.2/Nvec_vc1.1_XM_032378459.2/Nvec_vc1.1_XM_001638478.3/Nvec_vc1.1_XM_048725654.1/Nvec_vc1.1_XM_001637223.3/Nvec_vc1.1_XM_001641325.3/Nvec_vc1.1_XM_048726582.1/Nvec_vc1.1_XM_001626638.3/Nvec_vc1.1_XM_001628020.3/Nvec_vc1.1_XM_048730594.1/Nvec_vc1.1_XM_032365932.2/Nvec_vc1.1_XM_001633749.3/Nvec_vc1.1_XM_048732258.1/Nvec_vc1.1_XM_048732016.1/Nvec_vc1.1_XM_001630864.3/Nvec_vc1.1_XM_048725709.1/Nvec_vc1.1_XM_001639216.3/Nvec_vc1.1_XM_032384270.2/Nvec_vc1.1_XM_032378137.2/Nvec_vc1.1_XM_048725789.1/Nvec_vc1.1_XM_048731970.1/Nvec_vc1.1_XM_032386979.2/Nvec_vc1.1_XM_048725315.1/Nvec_vc1.1_XM_048728052.1/Nvec_vc1.1_XM_032364960.2/Nvec_vc1.1_XM_048726081.1/Nvec_vc1.1_XM_001626774.3/Nvec_vc1.1_XM_032365883.2/Nvec_vc1.1_XM_048724044.1/Nvec_vc1.1_XM_048728485.1/Nvec_vc1.1_XM_001631838.3/Nvec_vc1.1_XM_001639761.3/Nvec_vc1.1_XM_001637885.3/Nvec_vc1.1_XM_001630135.3/Nvec_vc1.1_XM_032384859.2/Nvec_vc1.1_XM_032367439.2/Nvec_vc1.1_XM_048721878.1/Nvec_vc1.1_XM_048724042.1/Nvec_vc1.1_XM_048719793.1/Nvec_vc1.1_XM_048731404.1/Nvec_vc1.1_XM_048722706.1/Nvec_vc1.1_XM_048729665.1/Nvec_vc1.1_XM_048732530.1/Nvec_vc1.1_XM_048728131.1/Nvec_vc1.1_XM_048722028.1/Nvec_vc1.1_XM_048722013.1/Nvec_vc1.1_XM_048732344.1/Nvec_vc1.1_XM_032371649.2/Nvec_vc1.1_XM_032386040.2/Nvec_vc1.1_XM_032382427.2/Nvec_vc1.1_XM_048725601.1/Nvec_vc1.1_XM_048731263.1/Nvec_vc1.1_XM_032386447.2/Nvec_vc1.1_XM_032366069.2/Nvec_vc1.1_XM_001641157.3/Nvec_vc1.1_XM_032382093.2/Nvec_vc1.1_XM_032363826.2/Nvec_vc1.1_XM_001626771.3/Nvec_vc1.1_XM_048727065.1/Nvec_vc1.1_XM_048730677.1/Nvec_vc1.1_XM_032382031.2/Nvec_vc1.1_XM_048725793.1/Nvec_vc1.1_XM_048726194.1/Nvec_vc1.1_XM_048732805.1/Nvec_vc1.1_XM_001629096.2/Nvec_vc1.1_XM_048725649.1/Nvec_vc1.1_XM_032384793.2/Nvec_vc1.1_XM_048733585.1/Nvec_vc1.1_XM_048720300.1/Nvec_vc1.1_XM_032385174.2/Nvec_vc1.1_XM_032380302.2/Nvec_vc1.1_XM_001633798.3/Nvec_vc1.1_XM_001636362.3/Nvec_vc1.1_XM_032386467.2/Nvec_vc1.1_XM_048725200.1/Nvec_vc1.1_XM_048730470.1/Nvec_vc1.1_XM_001623753.3/Nvec_vc1.1_XM_001641352.3/Nvec_vc1.1_XM_032373641.2/Nvec_vc1.1_XM_032362275.2/Nvec_vc1.1_XM_001640381.3/Nvec_vc1.1_XM_032364977.2/Nvec_vc1.1_XM_048732259.1/Nvec_vc1.1_XM_048730898.1/Nvec_vc1.1_XM_001624047.3/Nvec_vc1.1_XM_048725404.1/Nvec_vc1.1_XM_048721937.1/Nvec_vc1.1_XM_048723089.1/Nvec_vc1.1_XM_001631637.3/Nvec_vc1.1_XM_048725726.1/Nvec_vc1.1_XM_048725179.1/Nvec_vc1.1_XM_001629129.3/Nvec_vc1.1_XM_001623270.3/Nvec_vc1.1_XM_048731606.1/Nvec_vc1.1_XM_032382711.2/Nvec_vc1.1_XM_048731567.1/Nvec_vc1.1_XM_032362047.2/Nvec_vc1.1_XM_048729682.1/Nvec_vc1.1_XM_001630004.3/Nvec_vc1.1_XM_032384850.2/Nvec_vc1.1_XM_001629900.3/Nvec_v1g125911/Nvec_vc1.1_XM_048725005.1/Nvec_vc1.1_XM_048724087.1/Nvec_vc1.1_XM_032376478.2/Nvec_vc1.1_XM_032379391.1/Nvec_vc1.1_XM_032373647.2/Nvec_vc1.1_XM_032367445.2/Nvec_vc1.1_XM_048732704.1/Nvec_vc1.1_XM_048731019.1/Nvec_vc1.1_XM_001624919.3/Nvec_vc1.1_XM_001625509.3/Nvec_vc1.1_XM_001632432.3/Nvec_vc1.1_XM_048732831.1
GO:0030414,peptidase inhibitor activity,41,0.782335225140024,1.9230613784138,8.39550782839072e-08,2.43189876762385e-05,2.14159094429476e-05,2263,tags=71%, list=13%, signal=62%,Nvec_vc1.1_XM_001637728.3/Nvec_vc1.1_XM_048724297.1/Nvec_vc1.1_XM_048724413.1/Nvec_vc1.1_XM_032378857.2/Nvec_vc1.1_XM_048724688.1/Nvec_vc1.1_XM_032384852.2/Nvec_vc1.1_XM_048728346.1/Nvec_vc1.1_XM_048727719.1/Nvec_vc1.1_XM_048728060.1/Nvec_vc1.1_XM_048725349.1/Nvec_vc1.1_XM_048723576.1/Nvec_vc1.1_XM_032377551.2/Nvec_vc1.1_XM_048732468.1/Nvec_vc1.1_XM_001641286.3/Nvec_vc1.1_XM_032374052.2/Nvec_vc1.1_XM_032381408.2/Nvec_vc1.1_XM_001629803.3/Nvec_vc1.1_XM_048728033.1/Nvec_vc1.1_XM_048727350.1/Nvec_vc1.1_XM_048724737.1/Nvec_vc1.1_XM_032380466.2/Nvec_vc1.1_XM_048728064.1/Nvec_vc1.1_XM_048727273.1/Nvec_vc1.1_XM_048724543.1/Nvec_vc1.1_XM_001633935.3/Nvec_vc1.1_XM_032362819.2/Nvec_vc1.1_XM_032362382.2/Nvec_vc1.1_XM_001640912.3/Nvec_v1g143195
GO:0004252,serine-type endopeptidase activity,127,0.639142730975508,1.70461454270712,1.15679746683951e-07,2.51314249670885e-05,2.2131362062956e-05,2460,tags=39%, list=14%, signal=34%,Nvec_vc1.1_XM_048731468.1/Nvec_vc1.1_XM_001627145.3/Nvec_vc1.1_XM_048723195.1/Nvec_vc1.1_XM_032379521.2/Nvec_vc1.1_XM_048729136.1/Nvec_vc1.1_XM_032369995.2/Nvec_vc1.1_XM_032386292.2/Nvec_vc1.1_XM_032379687.2/Nvec_vc1.1_XM_048724378.1/Nvec_vc1.1_XM_032379868.2/Nvec_vc1.1_XM_001633796.3/Nvec_vc1.1_XM_032385005.2/Nvec_vc1.1_XM_032384852.2/Nvec_vc1.1_XM_048732815.1/Nvec_vc1.1_XM_048731564.1/Nvec_vc1.1_XM_032370149.2/Nvec_vc1.1_XM_032384853.2/Nvec_vc1.1_XM_001634452.3/Nvec_vc1.1_XM_001630864.3/Nvec_vc1.1_XM_032370385.2/Nvec_vc1.1_XM_001639216.3/Nvec_vc1.1_XM_032384270.2/Nvec_vc1.1_XM_048725789.1/Nvec_vc1.1_XM_048731970.1/Nvec_vc1.1_XM_001623828.3/Nvec_vc1.1_XM_001626774.3/Nvec_vc1.1_XM_001639761.3/Nvec_vc1.1_XM_048723940.1/Nvec_vc1.1_XM_048721878.1/Nvec_vc1.1_XM_001622929.3/Nvec_vc1.1_XM_032372302.2/Nvec_vc1.1_XM_048731404.1/Nvec_vc1.1_XM_048722013.1/Nvec_vc1.1_XM_048732344.1/Nvec_vc1.1_XM_048725955.1/Nvec_vc1.1_XM_032371649.2/Nvec_vc1.1_XM_032386040.2/Nvec_vc1.1_XM_001631923.3/Nvec_vc1.1_XM_048725601.1/Nvec_vc1.1_XM_048731263.1/Nvec_vc1.1_XM_032382031.2/Nvec_vc1.1_XM_048725793.1/Nvec_vc1.1_XM_001625522.3/Nvec_vc1.1_XM_048732805.1/Nvec_vc1.1_XM_001629096.2/Nvec_vc1.1_XM_001625306.3/Nvec_vc1.1_XM_001633798.3/Nvec_vc1.1_XM_001638324.3/Nvec_vc1.1_XM_001640616.3/Nvec_vc1.1_XM_001623753.3
GO:0003341,cilium movement,23,-0.780795491263638,-2.38309437001964,1.74122102924129e-07,2.52186845735114e-05,2.22082050571653e-05,2637,tags=87%, list=15%, signal=74%,Nvec_vc1.1_XM_048731636.1/Nvec_vc1.1_XM_048726249.1/Nvec_vc1.1_XM_048725245.1/Nvec_vc1.1_XM_032365785.2/Nvec_vc1.1_XM_032366474.2/Nvec_vc1.1_XM_048724083.1/Nvec_vc1.1_XM_048732750.1/Nvec_vc1.1_XM_001639363.3/Nvec_vc1.1_XM_001639094.3/Nvec_vc1.1_XM_048728759.1/Nvec_vc1.1_XM_001638624.3/Nvec_vc1.1_XM_048732456.1/Nvec_vc1.1_XM_001634241.3/Nvec_vc1.1_XM_001627853.3/Nvec_vc1.1_XM_001632088.3/Nvec_vc1.1_XM_048721070.1/Nvec_vc1.1_XM_032382210.2/Nvec_vc1.1_XM_032386146.2/Nvec_vc1.1_XM_001631214.3/Nvec_vc1.1_XM_032376308.1
GO:0016485,protein processing,47,0.767034444247455,1.91766176194089,1.50056649551164e-07,2.52186845735114e-05,2.22082050571653e-05,1595,tags=43%, list=9%, signal=39%,Nvec_vc1.1_XM_001633735.3/Nvec_vc1.1_XM_001638971.3/Nvec_vc1.1_XM_048733437.1/Nvec_vc1.1_XM_032363262.2/Nvec_vc1.1_XM_001638898.3/Nvec_vc1.1_XM_048729051.1/Nvec_vc1.1_XM_048729050.1/Nvec_vc1.1_XM_048729052.1/Nvec_vc1.1_XM_048732086.1/Nvec_vc1.1_XM_032371254.2/Nvec_vc1.1_XM_048731716.1/Nvec_vc1.1_XM_048725654.1/Nvec_vc1.1_XM_001637223.3/Nvec_vc1.1_XM_001641325.3/Nvec_vc1.1_XM_001633749.3/Nvec_vc1.1_XM_001630864.3/Nvec_vc1.1_XM_001639761.3/Nvec_vc1.1_XM_048721878.1/Nvec_vc1.1_XM_048722013.1/Nvec_vc1.1_XM_032371649.2
GO:0006518,peptide metabolic process,12,0.925372820379199,1.85868840435582,5.27916794580689e-07,6.55370992129456e-05,5.77136104752122e-05,40,tags=33%, list=0%, signal=33%,Nvec_vc1.1_XM_001633735.3/Nvec_vc1.1_XM_001638971.3/Nvec_vc1.1_XM_032363262.2/Nvec_vc1.1_XM_001638898.3
GO:0008237,metallopeptidase activity,225,0.569620310648878,1.53778670169599,1.27617028600887e-06,0.000138623997317714,0.000122075762885322,3726,tags=46%, list=21%, signal=37%,Nvec_vc1.1_XM_048733437.1/Nvec_vc1.1_XM_048729051.1/Nvec_vc1.1_XM_048729050.1/Nvec_vc1.1_XM_048729052.1/Nvec_vc1.1_XM_048720817.1/Nvec_vc1.1_XM_048720932.1/Nvec_vc1.1_XM_032364236.2/Nvec_vc1.1_XM_032375562.2/Nvec_vc1.1_XM_001639862.3/Nvec_vc1.1_XM_048732086.1/Nvec_vc1.1_XM_032383746.2/Nvec_vc1.1_XM_048732632.1/Nvec_vc1.1_XM_032377472.2/Nvec_vc1.1_XM_001633796.3/Nvec_vc1.1_XM_032371254.2/Nvec_vc1.1_XM_048731417.1/Nvec_vc1.1_XM_048732815.1/Nvec_vc1.1_XM_032386151.2/Nvec_vc1.1_XM_001638875.3/Nvec_vc1.1_XM_048731716.1/Nvec_vc1.1_XM_032385053.2/Nvec_vc1.1_XM_032378459.2/Nvec_vc1.1_XM_048725654.1/Nvec_vc1.1_XM_001637223.3/Nvec_vc1.1_XM_001641325.3/Nvec_vc1.1_XM_048726582.1/Nvec_vc1.1_XM_032365932.2/Nvec_vc1.1_XM_001633749.3/Nvec_vc1.1_XM_048732258.1/Nvec_vc1.1_XM_048732016.1/Nvec_vc1.1_XM_032361835.2/Nvec_vc1.1_XM_048725709.1/Nvec_vc1.1_XM_032378137.2/Nvec_vc1.1_XM_048731970.1/Nvec_vc1.1_XM_032386979.2/Nvec_vc1.1_XM_048725315.1/Nvec_vc1.1_XM_048728052.1/Nvec_vc1.1_XM_032364960.2/Nvec_vc1.1_XM_048726081.1/Nvec_vc1.1_XM_032365883.2/Nvec_vc1.1_XM_048724044.1/Nvec_vc1.1_XM_048728485.1/Nvec_vc1.1_XM_001631838.3/Nvec_vc1.1_XM_001637885.3/Nvec_vc1.1_XM_032384859.2/Nvec_vc1.1_XM_048731699.1/Nvec_vc1.1_XM_032367439.2/Nvec_vc1.1_XM_048724042.1/Nvec_vc1.1_XM_048719793.1/Nvec_vc1.1_XM_048722706.1/Nvec_vc1.1_XM_048729665.1/Nvec_vc1.1_XM_048732530.1/Nvec_vc1.1_XM_048728131.1/Nvec_vc1.1_XM_048722028.1/Nvec_vc1.1_XM_048732344.1/Nvec_vc1.1_XM_001635039.3/Nvec_vc1.1_XM_032382427.2/Nvec_vc1.1_XM_048725601.1/Nvec_vc1.1_XM_032386447.2/Nvec_vc1.1_XM_032366069.2/Nvec_vc1.1_XM_048731298.1/Nvec_vc1.1_XM_001641157.3/Nvec_vc1.1_XM_032382093.2/Nvec_vc1.1_XM_032363826.2/Nvec_vc1.1_XM_001626771.3/Nvec_vc1.1_XM_048725793.1/Nvec_vc1.1_XM_048726194.1/Nvec_vc1.1_XM_048725649.1/Nvec_vc1.1_XM_032384793.2/Nvec_vc1.1_XM_048733585.1/Nvec_vc1.1_XM_048720300.1/Nvec_vc1.1_XM_032380302.2/Nvec_vc1.1_XM_032386467.2/Nvec_vc1.1_XM_048725200.1/Nvec_vc1.1_XM_048730470.1/Nvec_vc1.1_XM_048729827.1/Nvec_vc1.1_XM_032373641.2/Nvec_vc1.1_XM_032362275.2/Nvec_vc1.1_XM_032364977.2/Nvec_vc1.1_XM_048732259.1/Nvec_vc1.1_XM_001624047.3/Nvec_vc1.1_XM_048721937.1/Nvec_vc1.1_XM_048723089.1/Nvec_vc1.1_XM_048725726.1/Nvec_vc1.1_XM_048725179.1/Nvec_vc1.1_XM_032382711.2/Nvec_vc1.1_XM_048731567.1/Nvec_vc1.1_XM_032362047.2/Nvec_vc1.1_XM_048729682.1/Nvec_vc1.1_XM_032373809.2/Nvec_vc1.1_XM_001629900.3/Nvec_v1g125911/Nvec_vc1.1_XM_032376478.2/Nvec_vc1.1_XM_032379391.1/Nvec_vc1.1_XM_032373647.2/Nvec_vc1.1_XM_032367445.2/Nvec_vc1.1_XM_048731019.1/Nvec_vc1.1_XM_001632432.3/Nvec_vc1.1_XM_048732831.1/Nvec_vc1.1_XM_048721402.1/Nvec_vc1.1_XM_032365520.2/Nvec_vc1.1_XM_032384132.2/Nvec_vc1.1_XM_032382026.2/Nvec_vc1.1_XM_048728524.1
GO:0060271,cilium assembly,93,-0.467429664615072,-2.00866202773714,1.81710614613181e-06,0.000175451693443171,0.000154507154179863,4255,tags=61%, list=24%, signal=47%,Nvec_vc1.1_XM_048726503.1/Nvec_vc1.1_XM_032386000.2/Nvec_vc1.1_XM_001639418.3/Nvec_vc1.1_XM_048733338.1/Nvec_vc1.1_XM_001625916.3/Nvec_vc1.1_XM_032377744.2/Nvec_vc1.1_XM_032386330.2/Nvec_vc1.1_XM_032376061.1/Nvec_vc1.1_XM_032373982.2/Nvec_vc1.1_XM_032376420.2/Nvec_vc1.1_XM_001629986.3/Nvec_vc1.1_XM_032376425.2/Nvec_vc1.1_XM_032383860.2/Nvec_vc1.1_XM_048733377.1/Nvec_vc1.1_XM_048719670.1/Nvec_vc1.1_XM_032372524.2/Nvec_vc1.1_XM_032381774.2/Nvec_vc1.1_XM_001636498.3/Nvec_vc1.1_XM_001624398.3/Nvec_vc1.1_XM_048720863.1/Nvec_vc1.1_XM_001639520.3/Nvec_vc1.1_XM_048734370.1/Nvec_vc1.1_XM_032376105.2/Nvec_vc1.1_XM_048734350.1/Nvec_vc1.1_XM_048732142.1/Nvec_vc1.1_XM_048728623.1/Nvec_vc1.1_XM_001633160.3/Nvec_vc1.1_XM_032367198.2/Nvec_vc1.1_XM_048734699.1/Nvec_vc1.1_XM_032376430.2/Nvec_vc1.1_XM_032379768.2/Nvec_vc1.1_XM_032364321.2/Nvec_vc1.1_XM_048724812.1/Nvec_vc1.1_XM_001624764.3/Nvec_vc1.1_XM_032364668.2/Nvec_vc1.1_XM_048725441.1/Nvec_vc1.1_XM_048720690.1/Nvec_vc1.1_XM_001625381.3/Nvec_vc1.1_XM_048723163.1/Nvec_vc1.1_XM_001632653.3/Nvec_vc1.1_XM_001629370.2/Nvec_vc1.1_XM_032365785.2/Nvec_vc1.1_XM_001635831.3/Nvec_vc1.1_XM_048733322.1/Nvec_vc1.1_XM_032366474.2/Nvec_vc1.1_XM_048724083.1/Nvec_vc1.1_XM_001641637.3/Nvec_vc1.1_XM_032365546.2/Nvec_vc1.1_XM_001639363.3/Nvec_vc1.1_XM_001631305.3/Nvec_vc1.1_XM_001632694.3/Nvec_vc1.1_XM_048720018.1/Nvec_vc1.1_XM_001627977.3/Nvec_vc1.1_XM_048727864.1/Nvec_vc1.1_XM_032373445.2/Nvec_vc1.1_XM_032376026.2/Nvec_vc1.1_XM_032386146.2
GO:0007288,sperm axoneme assembly,11,-0.865801198064134,-2.15152640432819,8.3170866019964e-06,0.000722754825713487,0.000636475995752777,2007,tags=91%, list=11%, signal=81%,Nvec_vc1.1_XM_032372239.2/Nvec_vc1.1_XM_048729382.1/Nvec_vc1.1_XM_048723322.1/Nvec_vc1.1_XM_048724791.1/Nvec_vc1.1_XM_032382648.2/Nvec_vc1.1_XM_032364247.2/Nvec_vc1.1_XM_048728759.1/Nvec_vc1.1_XM_048721415.1/Nvec_vc1.1_XM_001634241.3/Nvec_vc1.1_XM_048732742.1
GO:0036158,outer dynein arm assembly,25,-0.700648947916591,-2.12739133448468,1.22829655204669e-05,0.000848149894336932,0.000746902032805947,2637,tags=68%, list=15%, signal=58%,Nvec_vc1.1_XM_048731636.1/Nvec_vc1.1_XM_048726249.1/Nvec_vc1.1_XM_032381068.2/Nvec_vc1.1_XM_048728924.1/Nvec_vc1.1_XM_032383637.2/Nvec_vc1.1_XM_048721752.1/Nvec_vc1.1_XM_032383054.2/Nvec_vc1.1_XM_001638799.3/Nvec_vc1.1_XM_048732144.1/Nvec_vc1.1_XM_001627653.3/Nvec_vc1.1_XM_001627853.3/Nvec_vc1.1_XM_001632088.3/Nvec_vc1.1_XM_048726516.1/Nvec_vc1.1_XM_032365282.2/Nvec_vc1.1_XM_032382210.2/Nvec_vc1.1_XM_032376308.1/Nvec_vc1.1_XM_048721435.1
GO:0035821,modulation of process of another organism,111,0.603882482378541,1.61213012567264,1.26880881776526e-05,0.000848149894336932,0.000746902032805947,2774,tags=45%, list=16%, signal=38%,Nvec_vc1.1_XM_001640510.3/Nvec_vc1.1_XM_048729051.1/Nvec_vc1.1_XM_048730097.1/Nvec_vc1.1_XM_048729050.1/Nvec_vc1.1_XM_032370778.2/Nvec_vc1.1_XM_048722875.1/Nvec_vc1.1_XM_048729052.1/Nvec_vc1.1_XM_001627145.3/Nvec_vc1.1_XM_048720932.1/Nvec_vc1.1_XM_032379521.2/Nvec_vc1.1_XM_048732632.1/Nvec_vc1.1_XM_032377472.2/Nvec_vc1.1_XM_048731055.1/Nvec_vc1.1_XM_001636654.3/Nvec_vc1.1_XM_001633857.3/Nvec_vc1.1_XM_032385014.2/Nvec_vc1.1_XM_048721806.1/Nvec_vc1.1_XM_032365654.2/Nvec_vc1.1_XM_048725315.1/Nvec_vc1.1_XM_048726220.1/Nvec_vc1.1_XM_048726449.1/Nvec_vc1.1_XM_048730179.1/Nvec_vc1.1_XM_048724044.1/Nvec_vc1.1_XM_048725759.1/Nvec_vc1.1_XM_048728485.1/Nvec_vc1.1_XM_001631838.3/Nvec_vc1.1_XM_048721794.1/Nvec_vc1.1_XM_048731699.1/Nvec_vc1.1_XM_048724042.1/Nvec_vc1.1_XM_032386058.2/Nvec_vc1.1_XM_048730230.1/Nvec_vc1.1_XM_048733977.1/Nvec_vc1.1_XM_048721412.1/Nvec_vc1.1_XM_048721777.1/Nvec_vc1.1_XM_032386040.2/Nvec_vc1.1_XM_032366343.2/Nvec_vc1.1_XM_048725601.1/Nvec_vc1.1_XM_032363701.2/Nvec_vc1.1_XM_032366069.2/Nvec_vc1.1_XM_001626771.3/Nvec_vc1.1_XM_048725793.1/Nvec_vc1.1_XM_001629096.2/Nvec_vc1.1_XM_032377207.2/Nvec_vc1.1_XM_032380302.2/Nvec_vc1.1_XM_032383304.2/Nvec_vc1.1_XM_032362275.2/Nvec_vc1.1_XM_001638777.3/Nvec_vc1.1_XM_032363451.2/Nvec_vc1.1_XM_001624047.3/Nvec_vc1.1_XM_048729910.1
GO:0090729,toxin activity,111,0.603882482378541,1.61213012567264,1.26880881776526e-05,0.000848149894336932,0.000746902032805947,2774,tags=45%, list=16%, signal=38%,Nvec_vc1.1_XM_001640510.3/Nvec_vc1.1_XM_048729051.1/Nvec_vc1.1_XM_048730097.1/Nvec_vc1.1_XM_048729050.1/Nvec_vc1.1_XM_032370778.2/Nvec_vc1.1_XM_048722875.1/Nvec_vc1.1_XM_048729052.1/Nvec_vc1.1_XM_001627145.3/Nvec_vc1.1_XM_048720932.1/Nvec_vc1.1_XM_032379521.2/Nvec_vc1.1_XM_048732632.1/Nvec_vc1.1_XM_032377472.2/Nvec_vc1.1_XM_048731055.1/Nvec_vc1.1_XM_001636654.3/Nvec_vc1.1_XM_001633857.3/Nvec_vc1.1_XM_032385014.2/Nvec_vc1.1_XM_048721806.1/Nvec_vc1.1_XM_032365654.2/Nvec_vc1.1_XM_048725315.1/Nvec_vc1.1_XM_048726220.1/Nvec_vc1.1_XM_048726449.1/Nvec_vc1.1_XM_048730179.1/Nvec_vc1.1_XM_048724044.1/Nvec_vc1.1_XM_048725759.1/Nvec_vc1.1_XM_048728485.1/Nvec_vc1.1_XM_001631838.3/Nvec_vc1.1_XM_048721794.1/Nvec_vc1.1_XM_048731699.1/Nvec_vc1.1_XM_048724042.1/Nvec_vc1.1_XM_032386058.2/Nvec_vc1.1_XM_048730230.1/Nvec_vc1.1_XM_048733977.1/Nvec_vc1.1_XM_048721412.1/Nvec_vc1.1_XM_048721777.1/Nvec_vc1.1_XM_032386040.2/Nvec_vc1.1_XM_032366343.2/Nvec_vc1.1_XM_048725601.1/Nvec_vc1.1_XM_032363701.2/Nvec_vc1.1_XM_032366069.2/Nvec_vc1.1_XM_001626771.3/Nvec_vc1.1_XM_048725793.1/Nvec_vc1.1_XM_001629096.2/Nvec_vc1.1_XM_032377207.2/Nvec_vc1.1_XM_032380302.2/Nvec_vc1.1_XM_032383304.2/Nvec_vc1.1_XM_032362275.2/Nvec_vc1.1_XM_001638777.3/Nvec_vc1.1_XM_032363451.2/Nvec_vc1.1_XM_001624047.3/Nvec_vc1.1_XM_048729910.1
GO:0008569,minus-end-directed microtubule motor activity,28,-0.679089185926191,-2.22597503294256,1.93983034415234e-05,0.00114512399218376,0.00100842485896383,2500,tags=61%, list=14%, signal=52%,Nvec_vc1.1_XM_048727938.1/Nvec_vc1.1_XM_032379768.2/Nvec_vc1.1_XM_048724323.1/Nvec_vc1.1_XM_032383637.2/Nvec_vc1.1_XM_032377763.1/Nvec_vc1.1_XM_048721752.1/Nvec_vc1.1_XM_048731842.1/Nvec_vc1.1_XM_048733388.1/Nvec_vc1.1_XM_048732144.1/Nvec_vc1.1_XM_001627653.3/Nvec_vc1.1_XM_048733038.1/Nvec_vc1.1_XM_048726516.1/Nvec_vc1.1_XM_048720051.1/Nvec_vc1.1_XM_032365282.2/Nvec_vc1.1_XM_048722574.1/Nvec_vc1.1_XM_048721080.1/Nvec_vc1.1_XM_048721435.1
GO:0005975,carbohydrate metabolic process,133,0.588562040171576,1.57259121636733,1.97662369191673e-05,0.00114512399218376,0.00100842485896383,2112,tags=23%, list=12%, signal=21%,Nvec_vc1.1_XM_032376739.2/Nvec_vc1.1_XM_001639882.3/Nvec_vc1.1_XM_001636034.3/Nvec_vc1.1_XM_001628574.3/Nvec_vc1.1_XM_032373335.2/Nvec_vc1.1_XM_032381575.2/Nvec_vc1.1_XM_001630101.3/Nvec_vc1.1_XM_048728975.1/Nvec_vc1.1_XM_032364762.2/Nvec_vc1.1_XM_032382045.2/Nvec_vc1.1_XM_032379771.2/Nvec_vc1.1_XM_001639625.3/Nvec_vc1.1_XM_032362000.2/Nvec_vc1.1_XM_001633175.3/Nvec_vc1.1_XM_032364422.2/Nvec_vc1.1_XM_048724444.1/Nvec_vc1.1_XM_032384312.2/Nvec_vc1.1_XM_032379959.2/Nvec_vc1.1_XM_032373652.2/Nvec_vc1.1_XM_048725502.1/Nvec_vc1.1_XM_032362775.2/Nvec_vc1.1_XM_001629803.3/Nvec_vc1.1_XM_001623648.3/Nvec_vc1.1_XM_048732201.1/Nvec_vc1.1_XM_001627798.3/Nvec_vc1.1_XM_001637852.3/Nvec_vc1.1_XM_001629597.3/Nvec_vc1.1_XM_048730199.1/Nvec_vc1.1_XM_001631883.3/Nvec_vc1.1_XM_001629453.3/Nvec_vc1.1_XM_001637769.3
GO:0005201,extracellular matrix structural constituent,28,0.77178649748511,1.79387033687082,3.23649190676835e-05,0.00169411325070153,0.00149187854552724,1970,tags=50%, list=11%, signal=44%,Nvec_vc1.1_XM_048731237.1/Nvec_vc1.1_XM_048724297.1/Nvec_vc1.1_XM_048731958.1/Nvec_vc1.1_XM_048724413.1/Nvec_vc1.1_XM_032383644.2/Nvec_vc1.1_XM_032362600.2/Nvec_vc1.1_XM_048731381.1/Nvec_vc1.1_XM_048725908.1/Nvec_vc1.1_XM_048723605.1/Nvec_vc1.1_XM_048726696.1/Nvec_vc1.1_XM_048731952.1/Nvec_vc1.1_XM_048731231.1/Nvec_vc1.1_XM_048723222.1/Nvec_vc1.1_XM_048722033.1
GO:0004180,carboxypeptidase activity,34,0.745788018597837,1.77172712690337,3.31414559976133e-05,0.00169411325070153,0.00149187854552724,1985,tags=59%, list=11%, signal=52%,Nvec_vc1.1_XM_001638898.3/Nvec_vc1.1_XM_032375562.2/Nvec_vc1.1_XM_048721059.1/Nvec_vc1.1_XM_048732815.1/Nvec_vc1.1_XM_048723173.1/Nvec_vc1.1_XM_001638875.3/Nvec_vc1.1_XM_001638349.3/Nvec_vc1.1_XM_048725709.1/Nvec_vc1.1_XM_048722767.1/Nvec_vc1.1_XM_001627023.3/Nvec_vc1.1_XM_048722860.1/Nvec_vc1.1_XM_048731970.1/Nvec_vc1.1_XM_032384859.2/Nvec_vc1.1_XM_032377867.2/Nvec_vc1.1_XM_048729665.1/Nvec_vc1.1_XM_048732344.1/Nvec_vc1.1_XM_032366492.2/Nvec_vc1.1_XM_048734252.1/Nvec_vc1.1_XM_032363826.2/Nvec_vc1.1_XM_001633704.3
GO:0030198,extracellular matrix organization,82,0.629705768940927,1.65306248807454,4.02128675563106e-05,0.00194138788369077,0.00170963477856361,1850,tags=39%, list=11%, signal=35%,Nvec_vc1.1_XM_048720968.1/Nvec_vc1.1_XM_032373435.2/Nvec_vc1.1_XM_048731237.1/Nvec_vc1.1_XM_048724297.1/Nvec_vc1.1_XM_032364236.2/Nvec_vc1.1_XM_048724413.1/Nvec_vc1.1_XM_032383644.2/Nvec_vc1.1_XM_032383746.2/Nvec_vc1.1_XM_048732632.1/Nvec_vc1.1_XM_048730352.1/Nvec_vc1.1_XM_001640910.3/Nvec_vc1.1_XM_032365879.2/Nvec_vc1.1_XM_048731381.1/Nvec_vc1.1_XM_001629212.3/Nvec_vc1.1_XM_048720966.1/Nvec_vc1.1_XM_032365932.2/Nvec_vc1.1_XM_048723605.1/Nvec_vc1.1_XM_001639293.3/Nvec_vc1.1_XM_048732258.1/Nvec_vc1.1_XM_032378137.2/Nvec_vc1.1_XM_048728052.1/Nvec_vc1.1_XM_048731952.1/Nvec_vc1.1_XM_032365883.2/Nvec_vc1.1_XM_048722706.1/Nvec_vc1.1_XM_048732530.1/Nvec_vc1.1_XM_048731231.1/Nvec_vc1.1_XM_048727819.1/Nvec_vc1.1_XM_048722028.1/Nvec_vc1.1_XM_048720926.1/Nvec_vc1.1_XM_048723222.1/Nvec_vc1.1_XM_032382427.2/Nvec_vc1.1_XM_032366069.2
GO:0051959,dynein light intermediate chain binding,31,-0.652611479556834,-2.17059998822976,4.65966969006712e-05,0.0021311857687728,0.0018767755482985,2500,tags=55%, list=14%, signal=47%,Nvec_vc1.1_XM_048727938.1/Nvec_vc1.1_XM_032379768.2/Nvec_vc1.1_XM_048724323.1/Nvec_vc1.1_XM_032383637.2/Nvec_vc1.1_XM_032377763.1/Nvec_vc1.1_XM_048721752.1/Nvec_vc1.1_XM_048731842.1/Nvec_vc1.1_XM_048733388.1/Nvec_vc1.1_XM_048732144.1/Nvec_vc1.1_XM_001627653.3/Nvec_vc1.1_XM_048733038.1/Nvec_vc1.1_XM_048726516.1/Nvec_vc1.1_XM_048720051.1/Nvec_vc1.1_XM_032365282.2/Nvec_vc1.1_XM_048722574.1/Nvec_vc1.1_XM_048721080.1/Nvec_vc1.1_XM_048721435.1
GO:0004222,metalloendopeptidase activity,192,0.547577845753347,1.47152964378524,6.04727423472494e-05,0.00262754065498799,0.00231387808876054,3572,tags=43%, list=20%, signal=35%,Nvec_vc1.1_XM_048733437.1/Nvec_vc1.1_XM_048729051.1/Nvec_vc1.1_XM_048729050.1/Nvec_vc1.1_XM_048729052.1/Nvec_vc1.1_XM_048720817.1/Nvec_vc1.1_XM_048720932.1/Nvec_vc1.1_XM_032364236.2/Nvec_vc1.1_XM_001639862.3/Nvec_vc1.1_XM_048732086.1/Nvec_vc1.1_XM_032383746.2/Nvec_vc1.1_XM_048732632.1/Nvec_vc1.1_XM_032377472.2/Nvec_vc1.1_XM_001633796.3/Nvec_vc1.1_XM_048730352.1/Nvec_vc1.1_XM_032371254.2/Nvec_vc1.1_XM_048731417.1/Nvec_vc1.1_XM_032386151.2/Nvec_vc1.1_XM_048731716.1/Nvec_vc1.1_XM_032385053.2/Nvec_vc1.1_XM_032378459.2/Nvec_vc1.1_XM_048725654.1/Nvec_vc1.1_XM_001637223.3/Nvec_vc1.1_XM_001641325.3/Nvec_vc1.1_XM_048726582.1/Nvec_vc1.1_XM_032365932.2/Nvec_vc1.1_XM_001633749.3/Nvec_vc1.1_XM_048732258.1/Nvec_vc1.1_XM_048725831.1/Nvec_vc1.1_XM_048732016.1/Nvec_vc1.1_XM_032361835.2/Nvec_vc1.1_XM_032378137.2/Nvec_vc1.1_XM_048725315.1/Nvec_vc1.1_XM_048728052.1/Nvec_vc1.1_XM_032365883.2/Nvec_vc1.1_XM_048724044.1/Nvec_vc1.1_XM_048728485.1/Nvec_vc1.1_XM_001631838.3/Nvec_vc1.1_XM_001637885.3/Nvec_vc1.1_XM_032367439.2/Nvec_vc1.1_XM_048724042.1/Nvec_vc1.1_XM_048722706.1/Nvec_vc1.1_XM_048732530.1/Nvec_vc1.1_XM_048727819.1/Nvec_vc1.1_XM_048728131.1/Nvec_vc1.1_XM_048722028.1/Nvec_vc1.1_XM_032382427.2/Nvec_vc1.1_XM_048725601.1/Nvec_vc1.1_XM_032386447.2/Nvec_vc1.1_XM_032366069.2/Nvec_vc1.1_XM_001641157.3/Nvec_vc1.1_XM_032382093.2/Nvec_vc1.1_XM_001626771.3/Nvec_vc1.1_XM_048725793.1/Nvec_vc1.1_XM_048726194.1/Nvec_vc1.1_XM_048725649.1/Nvec_vc1.1_XM_032384793.2/Nvec_vc1.1_XM_048733585.1/Nvec_vc1.1_XM_048720300.1/Nvec_vc1.1_XM_032380302.2/Nvec_vc1.1_XM_032386467.2/Nvec_vc1.1_XM_048725200.1/Nvec_vc1.1_XM_048730470.1/Nvec_vc1.1_XM_032373641.2/Nvec_vc1.1_XM_032362275.2/Nvec_vc1.1_XM_032364977.2/Nvec_vc1.1_XM_048732259.1/Nvec_vc1.1_XM_001624047.3/Nvec_vc1.1_XM_048721937.1/Nvec_vc1.1_XM_048723089.1/Nvec_vc1.1_XM_048725179.1/Nvec_vc1.1_XM_032382711.2/Nvec_vc1.1_XM_048731567.1/Nvec_vc1.1_XM_032362047.2/Nvec_vc1.1_XM_032373809.2/Nvec_vc1.1_XM_001629900.3/Nvec_v1g125911/Nvec_vc1.1_XM_032376478.2/Nvec_vc1.1_XM_032379391.1/Nvec_vc1.1_XM_032373647.2/Nvec_vc1.1_XM_032367445.2/Nvec_vc1.1_XM_048727983.1/Nvec_vc1.1_XM_001632432.3/Nvec_vc1.1_XM_048732831.1
GO:0045505,dynein intermediate chain binding,58,-0.508312683529192,-2.04436636755247,6.54136059697622e-05,0.00264640598379566,0.00233049136965592,2768,tags=53%, list=16%, signal=45%,Nvec_vc1.1_XM_032374672.2/Nvec_vc1.1_XM_048731636.1/Nvec_vc1.1_XM_048727938.1/Nvec_v1g116478/Nvec_vc1.1_XM_032379768.2/Nvec_vc1.1_XM_032386361.2/Nvec_vc1.1_XM_048724323.1/Nvec_v1g128929/Nvec_vc1.1_XM_001621847.3/Nvec_vc1.1_XM_032383637.2/Nvec_vc1.1_XM_032377763.1/Nvec_vc1.1_XM_048721752.1/Nvec_vc1.1_XM_048731842.1/Nvec_v1g185619/Nvec_vc1.1_XM_001629932.3/Nvec_vc1.1_XM_032373234.2/Nvec_vc1.1_XM_048733388.1/Nvec_vc1.1_XM_048732144.1/Nvec_vc1.1_XM_001627653.3/Nvec_vc1.1_XM_048733038.1/Nvec_vc1.1_XM_048726516.1/Nvec_vc1.1_XM_048720051.1/Nvec_vc1.1_XM_032365282.2/Nvec_v1g183927/Nvec_vc1.1_XM_048722574.1/Nvec_vc1.1_XM_001634535.3/Nvec_vc1.1_XM_048721080.1/Nvec_vc1.1_XM_048721435.1/Nvec_vc1.1_XM_001637179.3/Nvec_vc1.1_XM_032363927.2/Nvec_vc1.1_XM_032363929.2
GO:0030020,extracellular matrix structural constituent conferring tensile strength,24,0.788260776515202,1.80228864606176,6.6997619842928e-05,0.00264640598379566,0.00233049136965592,1557,tags=62%, list=9%, signal=57%,Nvec_vc1.1_XM_048720968.1/Nvec_vc1.1_XM_032373435.2/Nvec_vc1.1_XM_048731237.1/Nvec_vc1.1_XM_048724297.1/Nvec_vc1.1_XM_048724413.1/Nvec_vc1.1_XM_032383644.2/Nvec_vc1.1_XM_001640910.3/Nvec_vc1.1_XM_048731381.1/Nvec_vc1.1_XM_048720966.1/Nvec_vc1.1_XM_048723605.1/Nvec_vc1.1_XM_001639293.3/Nvec_vc1.1_XM_048731952.1/Nvec_vc1.1_XM_048731231.1/Nvec_vc1.1_XM_048720926.1/Nvec_vc1.1_XM_048723222.1
GO:0009953,dorsal/ventral pattern formation,11,0.892062178374164,1.75643505333748,7.75847173430245e-05,0.00293135301613427,0.00258142286079537,559,tags=55%, list=3%, signal=53%,Nvec_vc1.1_XM_048729051.1/Nvec_vc1.1_XM_048729050.1/Nvec_vc1.1_XM_048729052.1/Nvec_vc1.1_XM_001628994.2/Nvec_vc1.1_XM_048731716.1/Nvec_vc1.1_XM_001641325.3
GO:0008236,serine-type peptidase activity,89,0.614703614644928,1.62074457171569,0.000102077009281048,0.00369603837771795,0.00325482393628605,2741,tags=37%, list=16%, signal=31%,Nvec_vc1.1_XM_048731468.1/Nvec_vc1.1_XM_048723195.1/Nvec_vc1.1_XM_032369995.2/Nvec_vc1.1_XM_048724378.1/Nvec_vc1.1_XM_032385005.2/Nvec_vc1.1_XM_048732815.1/Nvec_vc1.1_XM_032370149.2/Nvec_vc1.1_XM_001634452.3/Nvec_vc1.1_XM_001630864.3/Nvec_vc1.1_XM_001639216.3/Nvec_vc1.1_XM_032384270.2/Nvec_vc1.1_XM_048725789.1/Nvec_vc1.1_XM_048731970.1/Nvec_vc1.1_XM_001626774.3/Nvec_vc1.1_XM_001639761.3/Nvec_vc1.1_XM_032366411.2/Nvec_vc1.1_XM_048721878.1/Nvec_vc1.1_XM_048731404.1/Nvec_vc1.1_XM_048722013.1/Nvec_vc1.1_XM_048732344.1/Nvec_vc1.1_XM_032371649.2/Nvec_vc1.1_XM_032386040.2/Nvec_vc1.1_XM_048725601.1/Nvec_vc1.1_XM_048731263.1/Nvec_vc1.1_XM_032382031.2/Nvec_vc1.1_XM_048725793.1/Nvec_vc1.1_XM_048732805.1/Nvec_vc1.1_XM_001629096.2/Nvec_vc1.1_XM_001633798.3/Nvec_vc1.1_XM_001623753.3/Nvec_vc1.1_XM_001640381.3/Nvec_vc1.1_XM_048724181.1/Nvec_vc1.1_XM_048730898.1
GO:0042073,intraciliary transport,18,-0.724075400089073,-2.08425374347593,0.000136007933356461,0.00431438647356472,0.00379935675159778,4271,tags=83%, list=24%, signal=63%,Nvec_vc1.1_XM_001640856.3/Nvec_vc1.1_XM_001624294.3/Nvec_vc1.1_XM_032384786.2/Nvec_vc1.1_XM_001635480.3/Nvec_vc1.1_XM_001629002.3/Nvec_vc1.1_XM_001639520.3/Nvec_vc1.1_XM_001633160.3/Nvec_vc1.1_XM_048727154.1/Nvec_vc1.1_XM_048721939.1/Nvec_vc1.1_XM_048724812.1/Nvec_vc1.1_XM_001624764.3/Nvec_vc1.1_XM_048723163.1/Nvec_vc1.1_XM_048719854.1/Nvec_vc1.1_XM_032366960.2/Nvec_vc1.1_XM_001635831.3
GO:0008417,fucosyltransferase activity,18,-0.723151807934859,-2.08159518001054,0.000139013603290923,0.00431438647356472,0.00379935675159778,3751,tags=83%, list=21%, signal=66%,Nvec_vc1.1_XM_032384293.2/Nvec_vc1.1_XM_032384981.2/Nvec_vc1.1_XM_032367556.2/Nvec_vc1.1_XM_001622281.3/Nvec_vc1.1_XM_001634708.3/Nvec_vc1.1_XM_032387100.2/Nvec_vc1.1_XM_032381516.2/Nvec_vc1.1_XM_032381979.2/Nvec_vc1.1_XM_001632492.3/Nvec_vc1.1_XM_001634811.3/Nvec_vc1.1_XM_032376887.2/Nvec_vc1.1_XM_048720464.1/Nvec_vc1.1_XM_032381978.2/Nvec_vc1.1_XM_001635403.3/Nvec_vc1.1_XM_001635417.3
GO:0036065,fucosylation,18,-0.723151807934859,-2.08159518001054,0.000139013603290923,0.00431438647356472,0.00379935675159778,3751,tags=83%, list=21%, signal=66%,Nvec_vc1.1_XM_032384293.2/Nvec_vc1.1_XM_032384981.2/Nvec_vc1.1_XM_032367556.2/Nvec_vc1.1_XM_001622281.3/Nvec_vc1.1_XM_001634708.3/Nvec_vc1.1_XM_032387100.2/Nvec_vc1.1_XM_032381516.2/Nvec_vc1.1_XM_032381979.2/Nvec_vc1.1_XM_001632492.3/Nvec_vc1.1_XM_001634811.3/Nvec_vc1.1_XM_032376887.2/Nvec_vc1.1_XM_048720464.1/Nvec_vc1.1_XM_032381978.2/Nvec_vc1.1_XM_001635403.3/Nvec_vc1.1_XM_001635417.3
GO:0046920,alpha-(1->3)-fucosyltransferase activity,18,-0.723151807934859,-2.08159518001054,0.000139013603290923,0.00431438647356472,0.00379935675159778,3751,tags=83%, list=21%, signal=66%,Nvec_vc1.1_XM_032384293.2/Nvec_vc1.1_XM_032384981.2/Nvec_vc1.1_XM_032367556.2/Nvec_vc1.1_XM_001622281.3/Nvec_vc1.1_XM_001634708.3/Nvec_vc1.1_XM_032387100.2/Nvec_vc1.1_XM_032381516.2/Nvec_vc1.1_XM_032381979.2/Nvec_vc1.1_XM_001632492.3/Nvec_vc1.1_XM_001634811.3/Nvec_vc1.1_XM_032376887.2/Nvec_vc1.1_XM_048720464.1/Nvec_vc1.1_XM_032381978.2/Nvec_vc1.1_XM_001635403.3/Nvec_vc1.1_XM_001635417.3
GO:0004181,metallocarboxypeptidase activity,19,0.790889378056034,1.7366985184504,0.000171727155306909,0.00514589303316219,0.00453160224711879,1938,tags=53%, list=11%, signal=47%,Nvec_vc1.1_XM_001633735.3/Nvec_vc1.1_XM_001638971.3/Nvec_vc1.1_XM_032363262.2/Nvec_vc1.1_XM_001638898.3/Nvec_vc1.1_XM_001638875.3/Nvec_vc1.1_XM_048725709.1/Nvec_vc1.1_XM_032384859.2/Nvec_vc1.1_XM_048729665.1/Nvec_vc1.1_XM_048734252.1/Nvec_vc1.1_XM_032363826.2
GO:0030246,carbohydrate binding,110,0.578125620354656,1.5401315625329,0.000188937135288594,0.00547287901885961,0.00481955429315116,3817,tags=44%, list=22%, signal=34%,Nvec_vc1.1_XM_032382970.2/Nvec_vc1.1_XM_048721133.1/Nvec_vc1.1_XM_001641063.3/Nvec_vc1.1_XM_032364277.2/Nvec_vc1.1_XM_048730601.1/Nvec_vc1.1_XM_048722874.1/Nvec_vc1.1_XM_032364189.2/Nvec_vc1.1_XM_032370149.2/Nvec_vc1.1_XM_032362000.2/Nvec_vc1.1_XM_001633175.3/Nvec_vc1.1_XM_001639370.3/Nvec_vc1.1_XM_048721119.1/Nvec_vc1.1_XM_032372340.2/Nvec_vc1.1_XM_048724444.1/Nvec_vc1.1_XM_032384312.2/Nvec_vc1.1_XM_001639293.3/Nvec_vc1.1_XM_048725502.1/Nvec_vc1.1_XM_048733504.1/Nvec_vc1.1_XM_001623828.3/Nvec_vc1.1_XM_048730324.1/Nvec_vc1.1_XM_032366874.2/Nvec_vc1.1_XM_048722139.1/Nvec_vc1.1_XM_032367729.2/Nvec_vc1.1_XM_001629597.3/Nvec_vc1.1_XM_048730199.1/Nvec_vc1.1_XM_048729537.1/Nvec_vc1.1_XM_048725509.1/Nvec_vc1.1_XM_032373519.2/Nvec_vc1.1_XM_001625522.3/Nvec_vc1.1_XM_001631325.3/Nvec_vc1.1_XM_032385853.2/Nvec_vc1.1_XM_032363325.2/Nvec_vc1.1_XM_048726929.1/Nvec_vc1.1_XM_048728199.1/Nvec_vc1.1_XM_001635033.3/Nvec_vc1.1_XM_048729321.1/Nvec_vc1.1_XM_048732918.1/Nvec_vc1.1_XM_032362483.2/Nvec_vc1.1_XM_001628444.3/Nvec_vc1.1_XM_032383346.2/Nvec_vc1.1_XM_048728177.1/Nvec_vc1.1_XM_048727983.1/Nvec_vc1.1_XM_048721306.1/Nvec_vc1.1_XM_001640629.3/Nvec_vc1.1_XM_032378842.2/Nvec_vc1.1_XM_032371808.2/Nvec_vc1.1_XM_032373521.2/Nvec_vc1.1_XM_048723900.1
GO:0003993,acid phosphatase activity,20,0.787556220406638,1.74247330785372,0.000196820144002241,0.00551731306896603,0.00485868403020811,723,tags=30%, list=4%, signal=29%,Nvec_vc1.1_XM_048730436.1/Nvec_v1g220144/Nvec_vc1.1_XM_032370869.2/Nvec_vc1.1_XM_001625953.3/Nvec_vc1.1_XM_048720851.1/Nvec_vc1.1_XM_032377970.2
GO:0045504,dynein heavy chain binding,12,-0.801768303243505,-2.08255205412939,0.000259410386564325,0.00704461331013745,0.00620366286290343,3253,tags=83%, list=18%, signal=68%,Nvec_vc1.1_XM_001638951.3/Nvec_vc1.1_XM_032384786.2/Nvec_vc1.1_XM_048725245.1/Nvec_vc1.1_XM_048728924.1/Nvec_vc1.1_XM_032366960.2/Nvec_vc1.1_XM_048725397.1/Nvec_vc1.1_XM_001638799.3/Nvec_vc1.1_XM_048734756.1/Nvec_vc1.1_XM_001632088.3/Nvec_vc1.1_XM_032376308.1
GO:0007157,heterophilic cell-cell adhesion via plasma membrane cell adhesion molecules,33,0.721380843947316,1.70874087802913,0.00028154355468457,0.00741398027336035,0.00652893665887345,2716,tags=48%, list=15%, signal=41%,Nvec_vc1.1_XM_048733974.1/Nvec_vc1.1_XM_001633489.3/Nvec_vc1.1_XM_032376952.2/Nvec_vc1.1_XM_048724993.1/Nvec_vc1.1_XM_048733975.1/Nvec_vc1.1_XM_032376953.2/Nvec_vc1.1_XM_048734429.1/Nvec_vc1.1_XM_048733987.1/Nvec_vc1.1_XM_048725546.1/Nvec_vc1.1_XM_048733966.1/Nvec_vc1.1_XM_032377436.2/Nvec_vc1.1_XM_032380031.2/Nvec_vc1.1_XM_048729070.1/Nvec_vc1.1_XM_048721807.1/Nvec_vc1.1_XM_048721139.1/Nvec_vc1.1_XM_032373407.2
GO:2001235,positive regulation of apoptotic signaling pathway,11,0.872907653514467,1.71872055348623,0.000294884801978498,0.00753690861527396,0.00663719043462439,532,tags=36%, list=3%, signal=35%,Nvec_vc1.1_XM_048726623.1/Nvec_vc1.1_XM_048726969.1/Nvec_vc1.1_XM_048726622.1/Nvec_vc1.1_XM_001638478.3
GO:0004867,serine-type endopeptidase inhibitor activity,25,0.744192599748301,1.71400954876076,0.000493768397015441,0.0122595639144691,0.0107960789362474,3128,tags=68%, list=18%, signal=56%,Nvec_vc1.1_XM_048724413.1/Nvec_vc1.1_XM_032378857.2/Nvec_vc1.1_XM_048724688.1/Nvec_vc1.1_XM_048728346.1/Nvec_vc1.1_XM_048727719.1/Nvec_vc1.1_XM_048728060.1/Nvec_vc1.1_XM_048725349.1/Nvec_vc1.1_XM_032377551.2/Nvec_vc1.1_XM_048732468.1/Nvec_vc1.1_XM_048728033.1/Nvec_vc1.1_XM_048728064.1/Nvec_vc1.1_XM_048724543.1/Nvec_vc1.1_XM_001633935.3/Nvec_v1g143195/Nvec_vc1.1_XM_032379911.2/Nvec_vc1.1_XM_032381482.2/Nvec_vc1.1_XM_001632301.3
GO:0022857,transmembrane transporter activity,303,0.49673601800374,1.34992630610653,0.000535796781333576,0.0129335389716355,0.0113895982464769,2934,tags=30%, list=17%, signal=26%,Nvec_vc1.1_XM_032366751.2/Nvec_vc1.1_XM_001623754.3/Nvec_vc1.1_XM_048729457.1/Nvec_vc1.1_XM_001628709.3/Nvec_vc1.1_XM_048727400.1/Nvec_vc1.1_XM_032381760.2/Nvec_vc1.1_XM_001623731.3/Nvec_vc1.1_XM_048726235.1/Nvec_vc1.1_XM_001632219.3/Nvec_vc1.1_XM_032377752.2/Nvec_vc1.1_XM_048733907.1/Nvec_vc1.1_XM_001640533.3/Nvec_vc1.1_XM_048720070.1/Nvec_vc1.1_XM_048724027.1/Nvec_vc1.1_XM_032378328.2/Nvec_vc1.1_XM_048721915.1/Nvec_vc1.1_XM_001624700.3/Nvec_vc1.1_XM_032365747.2/Nvec_vc1.1_XM_001623762.3/Nvec_vc1.1_XM_001622418.3/Nvec_vc1.1_XM_048719665.1/Nvec_vc1.1_XM_048725049.1/Nvec_vc1.1_XM_032374857.2/Nvec_vc1.1_XM_032367014.2/Nvec_vc1.1_XM_001635793.3/Nvec_vc1.1_XM_048725400.1/Nvec_vc1.1_XM_032362351.2/Nvec_vc1.1_XM_032365621.2/Nvec_vc1.1_XM_048729501.1/Nvec_vc1.1_XM_001628736.3/Nvec_vc1.1_XM_048720649.1/Nvec_vc1.1_XM_001641717.3/Nvec_vc1.1_XM_048725673.1/Nvec_vc1.1_XM_001640961.3/Nvec_vc1.1_XM_048730160.1/Nvec_vc1.1_XM_048727671.1/Nvec_vc1.1_XM_032377502.2/Nvec_vc1.1_XM_048722989.1/Nvec_vc1.1_XM_032367713.2/Nvec_vc1.1_XM_048729871.1/Nvec_vc1.1_XM_048724037.1/Nvec_vc1.1_XM_048728394.1/Nvec_vc1.1_XM_032372339.2/Nvec_vc1.1_XM_048731951.1/Nvec_vc1.1_XM_001632326.3/Nvec_vc1.1_XM_048731195.1/Nvec_vc1.1_XM_048727316.1/Nvec_vc1.1_XM_001635058.3/Nvec_vc1.1_XM_048731949.1/Nvec_vc1.1_XM_032382350.2/Nvec_vc1.1_XM_001624665.3/Nvec_vc1.1_XM_048725622.1/Nvec_vc1.1_XM_032365746.2/Nvec_vc1.1_XM_032386427.2/Nvec_vc1.1_XM_032370338.2/Nvec_vc1.1_XM_001633161.3/Nvec_vc1.1_XM_048725935.1/Nvec_vc1.1_XM_032369518.2/Nvec_vc1.1_XM_001632482.3/Nvec_vc1.1_XM_032366206.2/Nvec_vc1.1_XM_001632645.3/Nvec_vc1.1_XM_048724827.1/Nvec_vc1.1_XM_032376239.2/Nvec_vc1.1_XM_048731539.1/Nvec_vc1.1_XM_048726295.1/Nvec_vc1.1_XM_032381054.2/Nvec_vc1.1_XM_032382614.2/Nvec_vc1.1_XM_048733637.1/Nvec_vc1.1_XM_048728327.1/Nvec_vc1.1_XM_048732945.1/Nvec_vc1.1_XM_048726299.1/Nvec_vc1.1_XM_048730631.1/Nvec_vc1.1_XM_048726208.1/Nvec_vc1.1_XM_032366469.2/Nvec_vc1.1_XM_048726731.1/Nvec_vc1.1_XM_032364875.2/Nvec_vc1.1_XM_032375317.2/Nvec_vc1.1_XM_032373531.2/Nvec_vc1.1_XM_001632898.3/Nvec_vc1.1_XM_032366547.2/Nvec_vc1.1_XM_032385202.2/Nvec_vc1.1_XM_048726925.1/Nvec_vc1.1_XM_048727157.1/Nvec_vc1.1_XM_032372526.2/Nvec_vc1.1_XM_048724825.1/Nvec_vc1.1_XM_001639656.3/Nvec_vc1.1_XM_048726931.1/Nvec_vc1.1_XM_032362039.2/Nvec_vc1.1_XM_048725454.1/Nvec_vc1.1_XM_001637269.3/Nvec_vc1.1_XM_048731313.1/Nvec_vc1.1_XM_048726271.1
GO:0045665,negative regulation of neuron differentiation,11,-0.793782058597159,-1.97255797540173,0.000582260782901062,0.0133153847458164,0.0117258611958192,2410,tags=82%, list=14%, signal=71%,Nvec_vc1.1_XM_032375349.2/Nvec_vc1.1_XM_001635277.3/Nvec_vc1.1_XM_048724796.1/Nvec_vc1.1_XM_001635315.3/Nvec_vc1.1_XM_032384889.2/Nvec_vc1.1_XM_001635276.3/Nvec_vc1.1_XM_001635275.3/Nvec_vc1.1_XM_001637044.3/Nvec_vc1.1_XM_032384063.2
GO:0071820,N-box binding,11,-0.793782058597159,-1.97255797540173,0.000582260782901062,0.0133153847458164,0.0117258611958192,2410,tags=82%, list=14%, signal=71%,Nvec_vc1.1_XM_032375349.2/Nvec_vc1.1_XM_001635277.3/Nvec_vc1.1_XM_048724796.1/Nvec_vc1.1_XM_001635315.3/Nvec_vc1.1_XM_032384889.2/Nvec_vc1.1_XM_001635276.3/Nvec_vc1.1_XM_001635275.3/Nvec_vc1.1_XM_001637044.3/Nvec_vc1.1_XM_032384063.2
GO:0006956,complement activation,14,0.815006719236336,1.68458289560864,0.000617876154592205,0.0137675481625802,0.0121240476218228,1167,tags=57%, list=7%, signal=53%,Nvec_vc1.1_XM_001633400.3/Nvec_vc1.1_XM_001629305.3/Nvec_vc1.1_XM_032369995.2/Nvec_vc1.1_XM_032385005.2/Nvec_vc1.1_XM_032383647.2/Nvec_vc1.1_XM_032370149.2/Nvec_vc1.1_XM_032370385.2/Nvec_vc1.1_XM_048724752.1
GO:0050767,regulation of neurogenesis,13,-0.769621491465066,-2.01386238311155,0.000830896422439417,0.015794633382069,0.0139091496199675,2410,tags=77%, list=14%, signal=66%,Nvec_vc1.1_XM_032375349.2/Nvec_vc1.1_XM_001635277.3/Nvec_vc1.1_XM_032383905.2/Nvec_vc1.1_XM_048724796.1/Nvec_vc1.1_XM_001635315.3/Nvec_vc1.1_XM_032384889.2/Nvec_vc1.1_XM_001635276.3/Nvec_vc1.1_XM_001635275.3/Nvec_vc1.1_XM_001637044.3/Nvec_vc1.1_XM_032384063.2
GO:1905515,non-motile cilium assembly,18,-0.684379069522136,-1.9699877076788,0.00087243084273799,0.015794633382069,0.0139091496199675,3231,tags=61%, list=18%, signal=50%,Nvec_vc1.1_XM_048722301.1/Nvec_vc1.1_XM_001632889.3/Nvec_vc1.1_XM_001635480.3/Nvec_vc1.1_XM_032376105.2/Nvec_vc1.1_XM_048734350.1/Nvec_vc1.1_XM_032370853.2/Nvec_vc1.1_XM_001636688.3/Nvec_vc1.1_XM_032365905.2/Nvec_vc1.1_XM_048734699.1/Nvec_vc1.1_XM_048721939.1/Nvec_vc1.1_XM_048725441.1
GO:1904108,protein localization to ciliary inversin compartment,15,-0.701948965838626,-1.94897550189903,0.000803146875019331,0.015794633382069,0.0139091496199675,4214,tags=67%, list=24%, signal=51%,Nvec_v1g213744/Nvec_vc1.1_XM_048724572.1/Nvec_vc1.1_XM_032362354.2/Nvec_vc1.1_XM_001641498.3/Nvec_vc1.1_XM_048721921.1/Nvec_vc1.1_XM_001629533.3/Nvec_vc1.1_XM_032385096.2/Nvec_vc1.1_XM_032376248.2/Nvec_vc1.1_XM_048725021.1/Nvec_vc1.1_XM_001623341.3
GO:0003712,transcription coregulator activity,50,-0.484248440719324,-1.83221825130669,0.000787553904230933,0.015794633382069,0.0139091496199675,7161,tags=70%, list=41%, signal=42%,Nvec_vc1.1_XM_032380406.2/Nvec_vc1.1_XM_001638188.3/Nvec_vc1.1_XM_001639509.3/Nvec_vc1.1_XM_048720033.1/Nvec_vc1.1_XM_032361862.2/Nvec_vc1.1_XM_032374704.2/Nvec_vc1.1_XM_001639983.3/Nvec_vc1.1_XM_032363729.2/Nvec_vc1.1_XM_001631897.3/Nvec_vc1.1_XM_048728474.1/Nvec_vc1.1_XM_032367683.2/Nvec_vc1.1_XM_001634794.3/Nvec_vc1.1_XM_048722635.1/Nvec_vc1.1_XM_032383254.2/Nvec_vc1.1_XM_032381914.2/Nvec_vc1.1_XM_048731980.1/Nvec_vc1.1_XM_001624108.3/Nvec_vc1.1_XM_032364572.2/Nvec_vc1.1_XM_032382662.2/Nvec_vc1.1_XM_032362791.2/Nvec_vc1.1_XM_032381412.2/Nvec_vc1.1_XM_048733471.1/Nvec_v1g90177/Nvec_vc1.1_XM_001626549.3/Nvec_vc1.1_XM_032366086.2/Nvec_vc1.1_XM_048728479.1/Nvec_vc1.1_XM_048728425.1/Nvec_vc1.1_XM_032372559.2/Nvec_vc1.1_XM_001639263.3/Nvec_vc1.1_XM_032378403.2/Nvec_vc1.1_XM_048724635.1/Nvec_vc1.1_XM_001638641.3/Nvec_vc1.1_XM_048732677.1/Nvec_vc1.1_XM_048723873.1/Nvec_vc1.1_XM_048730418.1
GO:0001764,neuron migration,17,0.792437312355257,1.70828447254029,0.000832942824783703,0.015794633382069,0.0139091496199675,1819,tags=59%, list=10%, signal=53%,Nvec_vc1.1_XM_032370610.2/Nvec_vc1.1_XM_032370694.2/Nvec_vc1.1_XM_048722658.1/Nvec_vc1.1_XM_032369713.2/Nvec_vc1.1_XM_048734430.1/Nvec_vc1.1_XM_048734317.1/Nvec_vc1.1_XM_048734572.1/Nvec_vc1.1_XM_048733047.1/Nvec_vc1.1_XM_048734591.1/Nvec_vc1.1_XM_032367059.2
GO:0008146,sulfotransferase activity,43,0.669165951619426,1.64868903353816,0.000771468342661765,0.015794633382069,0.0139091496199675,2227,tags=37%, list=13%, signal=33%,Nvec_vc1.1_XM_032362652.2/Nvec_vc1.1_XM_001635842.3/Nvec_vc1.1_XM_048724883.1/Nvec_vc1.1_XM_001641726.3/Nvec_vc1.1_XM_001623712.3/Nvec_vc1.1_XM_032369522.2/Nvec_vc1.1_XM_032371333.2/Nvec_vc1.1_XM_032363572.2/Nvec_vc1.1_XM_048721898.1/Nvec_vc1.1_XM_048731065.1/Nvec_v1g209434/Nvec_vc1.1_XM_032375340.2/Nvec_v1g238399/Nvec_vc1.1_XM_001640216.3/Nvec_vc1.1_XM_048734383.1/Nvec_v1g71242
GO:0004197,cysteine-type endopeptidase activity,35,0.689553201404668,1.64480653573828,0.000766575355931949,0.015794633382069,0.0139091496199675,1264,tags=23%, list=7%, signal=21%,Nvec_vc1.1_XM_048726623.1/Nvec_vc1.1_XM_048726969.1/Nvec_vc1.1_XM_048726622.1/Nvec_vc1.1_XM_001638478.3/Nvec_vc1.1_XM_001626638.3/Nvec_vc1.1_XM_032376869.2/Nvec_vc1.1_XM_001630135.3/Nvec_vc1.1_XM_048727068.1
GO:0004553,hydrolase activity, hydrolyzing O-glycosyl compounds,55,0.637397429138024,1.61485939541767,0.000854314639752442,0.015794633382069,0.0139091496199675,2601,tags=40%, list=15%, signal=34%,Nvec_vc1.1_XM_032376739.2/Nvec_vc1.1_XM_001628574.3/Nvec_vc1.1_XM_032381575.2/Nvec_vc1.1_XM_048728975.1/Nvec_vc1.1_XM_032382045.2/Nvec_vc1.1_XM_032379771.2/Nvec_vc1.1_XM_001639625.3/Nvec_vc1.1_XM_032362000.2/Nvec_vc1.1_XM_048724444.1/Nvec_vc1.1_XM_032384312.2/Nvec_vc1.1_XM_032379959.2/Nvec_vc1.1_XM_032373652.2/Nvec_vc1.1_XM_048725502.1/Nvec_vc1.1_XM_032382123.2/Nvec_vc1.1_XM_001632935.3/Nvec_vc1.1_XM_001637852.3/Nvec_vc1.1_XM_048731681.1/Nvec_vc1.1_XM_001631883.3/Nvec_vc1.1_XM_001629453.3/Nvec_vc1.1_XM_001637769.3/Nvec_vc1.1_XM_048727740.1/Nvec_vc1.1_XM_048720268.1
GO:0004713,protein tyrosine kinase activity,71,0.610630517966681,1.58274690122239,0.000870200334495562,0.015794633382069,0.0139091496199675,3878,tags=39%, list=22%, signal=31%,Nvec_vc1.1_XM_032386267.2/Nvec_vc1.1_XM_048734041.1/Nvec_vc1.1_XM_001641048.3/Nvec_vc1.1_XM_032384818.2/Nvec_vc1.1_XM_048724035.1/Nvec_vc1.1_XM_032378366.2/Nvec_vc1.1_XM_032363977.2/Nvec_vc1.1_XM_001622867.3/Nvec_vc1.1_XM_048729683.1/Nvec_vc1.1_XM_001641250.3/Nvec_vc1.1_XM_048729646.1/Nvec_vc1.1_XM_048730516.1/Nvec_vc1.1_XM_001632682.3/Nvec_vc1.1_XM_048733319.1/Nvec_vc1.1_XM_048728422.1/Nvec_vc1.1_XM_048723934.1/Nvec_vc1.1_XM_048733951.1/Nvec_vc1.1_XM_048729773.1/Nvec_vc1.1_XM_032380328.2/Nvec_vc1.1_XM_048733539.1/Nvec_vc1.1_XM_001629550.3/Nvec_vc1.1_XM_032367274.2/Nvec_vc1.1_XM_032385636.2/Nvec_vc1.1_XM_032363979.2/Nvec_vc1.1_XM_032385059.2/Nvec_vc1.1_XM_001635738.3/Nvec_vc1.1_XM_048732210.1/Nvec_vc1.1_XM_048732948.1
GO:0008484,sulfuric ester hydrolase activity,10,0.850090724116397,1.64914226210096,0.00100961157296737,0.017905152181809,0.0157677253178792,1372,tags=50%, list=8%, signal=46%,Nvec_vc1.1_XM_048728873.1/Nvec_vc1.1_XM_048732869.1/Nvec_vc1.1_XM_001639634.3/Nvec_vc1.1_XM_048734763.1/Nvec_vc1.1_XM_048726722.1
GO:0006955,immune response,35,0.673644018078,1.60685800811103,0.00166480479671741,0.0289343073669486,0.0254802755202854,2664,tags=37%, list=15%, signal=32%,Nvec_vc1.1_XM_048726623.1/Nvec_vc1.1_XM_048726969.1/Nvec_vc1.1_XM_032362622.2/Nvec_vc1.1_XM_048726622.1/Nvec_vc1.1_XM_001638478.3/Nvec_vc1.1_XM_032372659.2/Nvec_vc1.1_XM_032380866.2/Nvec_vc1.1_XM_048732419.1/Nvec_vc1.1_XM_032364638.2/Nvec_vc1.1_XM_032377730.2/Nvec_vc1.1_XM_032380294.2/Nvec_vc1.1_XM_032362450.2/Nvec_vc1.1_XM_032364636.2
GO:0007605,sensory perception of sound,19,-0.646487628558181,-1.87107580363209,0.00177535602760852,0.0302506742743491,0.0266395011779442,2918,tags=58%, list=17%, signal=48%,Nvec_vc1.1_XM_001629117.3/Nvec_vc1.1_XM_032367742.2/Nvec_vc1.1_XM_032367408.2/Nvec_vc1.1_XM_048724845.1/Nvec_vc1.1_XM_048725783.1/Nvec_vc1.1_XM_048728288.1/Nvec_vc1.1_XM_032385037.2/Nvec_vc1.1_XM_048732152.1/Nvec_vc1.1_XM_032386061.2/Nvec_vc1.1_XM_001637576.3/Nvec_vc1.1_XM_048728286.1
GO:0030030,cell projection organization,33,-0.535762480291614,-1.8147642342814,0.00201243844728611,0.0336309425133005,0.0296162500238259,3717,tags=52%, list=21%, signal=41%,Nvec_vc1.1_XM_032376420.2/Nvec_vc1.1_XM_001629986.3/Nvec_vc1.1_XM_032377853.2/Nvec_vc1.1_XM_032383860.2/Nvec_vc1.1_XM_001636498.3/Nvec_vc1.1_XM_032366483.2/Nvec_vc1.1_XM_001636889.3/Nvec_vc1.1_XM_048728154.1/Nvec_vc1.1_XM_032379768.2/Nvec_vc1.1_XM_032364321.2/Nvec_vc1.1_XM_001624764.3/Nvec_vc1.1_XM_048719854.1/Nvec_vc1.1_XM_048723796.1/Nvec_vc1.1_XM_001635831.3/Nvec_vc1.1_XM_048729382.1/Nvec_vc1.1_XM_032373445.2/Nvec_vc1.1_XM_001638111.3
GO:0004550,nucleoside diphosphate kinase activity,11,-0.753169733404449,-1.87163585818977,0.00272980581604161,0.0445192393728235,0.0392047568579041,2361,tags=64%, list=13%, signal=55%,Nvec_vc1.1_XM_048726093.1/Nvec_vc1.1_XM_032383615.2/Nvec_vc1.1_XM_048730862.1/Nvec_vc1.1_XM_048721292.1/Nvec_vc1.1_XM_001628559.3/Nvec_vc1.1_XM_001631214.3/Nvec_vc1.1_XM_048731802.1
GO:0008422,beta-glucosidase activity,12,0.816925301452316,1.64086252761572,0.00276644295297177,0.0445192393728235,0.0392047568579041,1527,tags=67%, list=9%, signal=61%,Nvec_vc1.1_XM_032382045.2/Nvec_vc1.1_XM_001639625.3/Nvec_vc1.1_XM_032372472.2/Nvec_vc1.1_XM_032372474.2/Nvec_vc1.1_XM_032372473.2/Nvec_vc1.1_XM_032382123.2/Nvec_vc1.1_XM_001632935.3/Nvec_vc1.1_XM_001637852.3
GO:0098703,calcium ion import across plasma membrane,35,-0.518120218924359,-1.78872995253105,0.00302044831622775,0.0467304041791235,0.0411519639491525,2664,tags=49%, list=15%, signal=41%,Nvec_vc1.1_XM_001638806.3/Nvec_vc1.1_XM_032362092.2/Nvec_vc1.1_XM_048731044.1/Nvec_vc1.1_XM_032373693.2/Nvec_vc1.1_XM_048731238.1/Nvec_vc1.1_XM_048724748.1/Nvec_vc1.1_XM_032375350.2/Nvec_vc1.1_XM_032380117.2/Nvec_vc1.1_XM_032376900.2/Nvec_vc1.1_XM_048734281.1/Nvec_vc1.1_XM_032364767.2/Nvec_vc1.1_XM_048734372.1/Nvec_vc1.1_XM_048728527.1/Nvec_vc1.1_XM_032367186.2/Nvec_v1g218116/Nvec_vc1.1_XM_048725567.1/Nvec_vc1.1_XM_048734321.1
GO:0008199,ferric iron binding,10,0.823960933111184,1.59845150472168,0.00306517035467208,0.0467304041791235,0.0411519639491525,752,tags=50%, list=4%, signal=48%,Nvec_vc1.1_XM_001627285.3/Nvec_vc1.1_XM_001625953.3/Nvec_vc1.1_XM_048720851.1/Nvec_vc1.1_XM_048730083.1/Nvec_vc1.1_XM_001624307.3
GO:0016798,hydrolase activity, acting on glycosyl bonds,66,0.594741421373386,1.53385107989959,0.0029898207898464,0.0467304041791235,0.0411519639491525,2601,tags=29%, list=15%, signal=25%,Nvec_vc1.1_XM_001639882.3/Nvec_vc1.1_XM_032373335.2/Nvec_vc1.1_XM_032381575.2/Nvec_vc1.1_XM_032364762.2/Nvec_vc1.1_XM_032379771.2/Nvec_vc1.1_XM_048724444.1/Nvec_vc1.1_XM_048725502.1/Nvec_vc1.1_XM_001624684.3/Nvec_vc1.1_XM_048732201.1/Nvec_vc1.1_XM_032382123.2/Nvec_vc1.1_XM_001632935.3/Nvec_vc1.1_XM_001637852.3/Nvec_vc1.1_XM_001629597.3/Nvec_vc1.1_XM_048731681.1/Nvec_vc1.1_XM_001631883.3/Nvec_vc1.1_XM_001629453.3/Nvec_vc1.1_XM_001637769.3/Nvec_vc1.1_XM_048727740.1/Nvec_vc1.1_XM_048720268.1
GO:0015631,tubulin binding,23,-0.580408633716322,-1.77148634027284,0.00333668949039449,0.0491454774093697,0.0432787379039571,4255,tags=65%, list=24%, signal=50%,Nvec_vc1.1_XM_048724085.1/Nvec_vc1.1_XM_048726503.1/Nvec_vc1.1_XM_032361871.2/Nvec_vc1.1_XM_001622433.3/Nvec_vc1.1_XM_048723293.1/Nvec_vc1.1_XM_001636536.3/Nvec_vc1.1_XM_048729821.1/Nvec_vc1.1_XM_001634073.3/Nvec_vc1.1_XM_032374074.2/Nvec_vc1.1_XM_001624764.3/Nvec_vc1.1_XM_048720576.1/Nvec_vc1.1_XM_032376717.2/Nvec_vc1.1_XM_032378652.2/Nvec_vc1.1_XM_032376933.1/Nvec_vc1.1_XM_032362462.2
GO:0007169,cell surface receptor protein tyrosine kinase signaling pathway,52,0.613169971583648,1.54814480658241,0.00332215595196916,0.0491454774093697,0.0432787379039571,3878,tags=42%, list=22%, signal=33%,Nvec_vc1.1_XM_032386267.2/Nvec_vc1.1_XM_048734041.1/Nvec_vc1.1_XM_001641048.3/Nvec_vc1.1_XM_048724035.1/Nvec_vc1.1_XM_032378366.2/Nvec_vc1.1_XM_032363977.2/Nvec_vc1.1_XM_001622867.3/Nvec_vc1.1_XM_048730516.1/Nvec_vc1.1_XM_001632682.3/Nvec_vc1.1_XM_048728422.1/Nvec_vc1.1_XM_048733951.1/Nvec_vc1.1_XM_032379636.2/Nvec_vc1.1_XM_048729773.1/Nvec_vc1.1_XM_032380328.2/Nvec_vc1.1_XM_048723076.1/Nvec_vc1.1_XM_048733539.1/Nvec_vc1.1_XM_001629550.3/Nvec_vc1.1_XM_032385636.2/Nvec_vc1.1_XM_032374172.2/Nvec_vc1.1_XM_032363979.2/Nvec_vc1.1_XM_048732210.1/Nvec_vc1.1_XM_048732948.1
