p-value,ratio of LFQ intensity: RLRb vs IgG ,Fasta headers,LFQ intensity alpha-RLRb-1,LFQ intensity alpha-RLRb-2,LFQ intensity alpha-RLRb-3,LFQ intensity Rabbit-IgG-1,LFQ intensity Rabbit-IgG-2,LFQ intensity Rabbit-IgG-3,, -LOG(P-value),log Difference
0.00,20026.0,NVE16598,35.97521591,30.99920464,36.3731842,19.44058609,19.77698326,21.26126671,,2.849886138,14.28958956
0.00,0.2,NVE16532,21.88698578,22.80634499,21.77625084,24.88147736,24.65807343,24.48529816,,2.722668965,-2.518422445
0.00,2.9,NVE25126,26.16913223,26.53989029,26.76167107,25.07928276,24.65763664,25.07911873,,2.651019857,1.551551819
0.01,0.2,NVE4331,27.10479546,27.40519333,27.59953117,30.01969337,30.2079258,28.84185219,,2.169182223,-2.3199838
0.01,3.4,NVE22591,30.38936043,29.42834282,29.33073997,28.00287056,27.7459259,28.09667587,,2.124850087,1.767656962
0.01,0.5,NVE4479,24.24800491,24.79392052,24.55262375,25.27831268,25.38594246,25.56531906,,2.098769837,-0.878341675
0.01,1.9,NVE3942,23.13517761,23.05249596,22.57911301,22.12899399,21.9978981,21.75013351,,2.024965758,0.963253657
0.01,14.6,NVE2228,31.12059021,29.0730114,29.29473877,26.195261,24.90242195,26.78643608,,1.97437226,3.868073781
0.03,0.0,NVE24899,21.53355026,24.79193497,21.86340332,31.28719521,30.48912811,26.14697456,,1.586467807,-6.578136444
0.03,0.1,NVE15134;NVE15135,21.03608513,22.96722412,22.47726059,24.28883934,24.46762085,26.11195564,,1.567921395,-2.795948664
0.03,35.3,NVE24970,28.82298851,23.63555527,27.39083672,21.22811317,21.58183098,21.61238861,,1.529593843,5.142349243
0.03,0.4,NVE16453,23.20217133,24.2493782,23.10849762,25.19151878,25.42284393,24.47481728,,1.50532856,-1.509710948
0.03,2.4,NVE19351,24.4815464,24.07398224,23.66839027,23.24389267,22.14465714,22.96673584,,1.476110361,1.289544423
0.04,0.4,NVE22411,24.53593636,23.73861504,23.78676033,24.68725777,25.65872574,25.85455132,,1.445029155,-1.379741033
0.04,0.6,NVE366,27.64862823,27.54229736,26.91330719,28.07785797,27.97382927,28.21817207,,1.401266918,-0.721875509
0.04,0.4,NVE18711,22.183321,22.08490753,23.36105156,24.52097321,23.60059547,23.88492775,,1.383702295,-1.459072113
0.04,0.0,NVE16942,26.13747025,24.62789536,27.30817223,31.2555809,33.39061737,28.25489426,,1.373998101,-4.942518234
0.04,3.5,NVE20336,28.68702316,26.79364777,27.30634689,26.27662849,25.60079384,25.53124428,,1.365389998,1.792783737
0.05,1.2,NVE19311,22.54049683,22.70935631,22.8243084,22.51963043,22.34342957,22.3521595,,1.334271488,0.286314011
0.05,0.0,NVE24906,25.59323311,22.82958794,21.70810127,28.64323616,29.65647507,25.75834656,,1.323479053,-4.642378489
0.05,2.5,NVE4717,26.98674202,25.80744743,25.56473732,25.04635239,24.54480553,24.86688614,,1.315102883,1.30029424
0.05,0.2,NVE22272,21.20344734,24.04084587,22.4878788,25.71193123,24.76233101,24.62142754,,1.294262313,-2.45450592
0.05,4.1,NVE11184,26.09713936,24.60308838,26.86726379,24.21014786,23.16995811,24.09474564,,1.283945018,2.030879974
0.05,0.4,NVE13984,22.68482208,24.28065109,22.88477325,24.84603691,24.57039452,24.60806084,,1.281188746,-1.391415278
0.06,0.2,NVE22984,21.27648544,24.30375481,21.89678955,24.82040977,24.7470932,25.21907806,,1.2244363,-2.43651708
0.06,2.1,NVE4109,24.80508614,25.91216469,24.63511276,24.28587914,24.00247383,23.75857544,,1.208684137,1.101811727
0.06,0.4,NVE21892,22.81573296,23.37583733,21.45879364,23.79916763,24.01026344,24.29059792,,1.188556167,-1.48322169
0.07,5.0,NVE6906,25.57574272,25.241436,26.71777344,22.05358315,24.82958412,23.68136024,,1.185935908,2.323474884
0.07,0.5,NVE12559,23.56115913,24.48431396,23.50093842,25.03775024,24.37132454,25.09992981,,1.176869176,-0.987531026
0.07,0.4,NVE13136,21.77562141,22.72261238,23.4876442,23.99662399,23.96349335,23.77142715,,1.173869657,-1.248555501
0.07,0.6,NVE7494,26.1067543,25.67857933,26.00654411,26.8133564,26.16294289,27.10069275,,1.170280003,-0.761704763
0.07,0.3,NVE52,23.00847054,23.89495087,23.0784359,25.07834625,24.01367569,26.34847641,,1.168168176,-1.819547017
0.07,0.4,NVE11689,21.18511772,23.16464424,22.58343887,23.90884781,23.51135254,24.04276657,,1.166350361,-1.509922028
0.07,0.1,NVE24904,26.95969582,27.77228355,26.95648575,31.99860001,31.03780365,27.95049286,,1.165076203,-3.099477132
0.07,0.4,NVE4315,27.1300621,28.56714249,28.50358582,29.29719162,28.99339867,29.99550247,,1.154313253,-1.361767451
0.08,0.2,NVE24961;NVE4336,21.20868111,24.2286129,21.10386658,24.50354958,24.61560249,24.69003105,,1.110401421,-2.422674179
0.08,3.0,NVE21893,30.01398277,28.0508728,29.12696457,27.50982857,26.84230042,28.0980835,,1.103341853,1.580535889
0.08,0.3,NVE23173,24.64844894,27.08131599,26.40712357,27.91330719,27.32834435,28.73460197,,1.100030708,-1.946455002
0.08,0.4,NVE8270,26.71607208,28.59462929,28.30838776,29.96085548,29.02025032,29.17859459,,1.090265608,-1.513537089
0.09,9.3,NVE1612,27.36977768,23.6502037,28.23109818,23.41196251,23.37994003,22.79117966,,1.066638076,3.222665787
0.09,0.2,NVE3076,21.04770279,24.14211273,21.88740921,24.18040657,24.27227402,25.11509514,,1.047199213,-2.163516998
0.09,0.3,NVE12650,22.05022621,23.45035553,21.53084564,23.59411621,23.40314674,24.73148537,,1.039531473,-1.565773646
0.09,0.3,NVE8075,25.34468842,26.46193504,24.14125633,26.61386108,26.7039814,28.13374138,,1.03623626,-1.834568024
0.10,0.4,NVE1725,25.35242081,26.9903183,26.42697525,27.29579163,27.11525345,28.2815361,,1.01995071,-1.307622274
0.10,3.0,NVE16181,24.21881866,23.84047699,24.25053596,22.83253098,21.10993385,23.56010818,,1.018748912,1.602419535
0.10,0.5,NVE13119,24.93660927,25.58734894,25.127388,25.80624199,25.93544006,27.33781624,,1.017639136,-1.142717361
0.10,0.7,NVE4307,24.3725872,24.34975815,24.63754654,25.06968689,25.0214901,24.52049255,,0.985978334,-0.417259216
0.11,0.5,NVE5010,24.03010559,23.96578407,23.54450989,24.15699768,24.61874199,25.63333893,,0.969877771,-0.956226349
0.11,0.2,NVE21269,22.11651802,24.66454315,21.61793327,24.9539814,24.19527817,25.55704308,,0.962942907,-2.102436066
0.11,0.5,NVE25258,25.50642776,25.39505959,25.28093338,25.89534378,25.9749794,27.46411896,,0.956325448,-1.050673803
0.11,1.8,NVE13026,25.25342369,26.31629181,25.28549194,24.37298584,25.23040962,24.64438438,,0.943043897,0.869142532
0.11,0.6,NVE7491,21.88282013,22.55295181,22.29938698,23.39532089,22.5243969,22.77148819,,0.939652961,-0.652015686
0.12,0.4,NVE11407,24.05150604,25.14748001,22.56479073,25.55488014,25.42972374,25.2674942,,0.928577978,-1.496107101
0.13,0.6,NVE11918,26.56668472,27.08931923,26.50065041,27.38681412,26.92411041,28.10689354,,0.898446909,-0.753721237
0.13,0.4,NVE20693;NVE5385,23.05357933,23.77464867,24.0639801,24.31699944,24.29010582,26.06605721,,0.890193425,-1.26031812
0.13,3.6,NVE18733,28.7565918,27.04458046,28.38306808,24.66068649,26.67384338,27.3658638,,0.883805148,1.827948888
0.13,0.3,NVE13323,22.60024071,24.65332413,21.90715218,24.6435585,24.99627876,24.33456421,,0.883141532,-1.604561488
0.13,0.3,NVE2539,22.60892296,22.81035233,21.82693481,25.70959282,23.90517998,22.75790405,,0.874203309,-1.70882225
0.13,5.1,NVE14143;NVE22571,26.82650757,22.57228279,24.26520729,22.04798698,21.8816452,22.65210915,,0.873110641,2.360752106
0.14,0.3,NVE26034,24.9480648,26.73866653,27.01605797,27.75818062,26.8707943,28.86664581,,0.855481407,-1.597610474
0.14,9.6,NVE24607,34.03346252,28.51769447,29.95601654,27.97656441,28.49747086,26.2286129,,0.848611185,3.268175125
0.15,0.5,NVE14705;NVE14996;NVE21350;NVE24007;NVE24041;NVE24043;NVE24644;NVE4607;NVE5225;NVE8838,25.22850227,23.95029259,24.02917862,25.66968727,25.54775047,24.72437096,,0.829913901,-0.911278407
0.15,3.9,NVE3110,24.56016731,23.04446793,26.64320183,22.89245033,23.3278656,22.12542725,,0.828487456,1.967364629
0.15,0.4,NVE19802,22.01655769,24.23877907,21.91187668,24.99131393,23.74057198,23.97779846,,0.825285885,-1.514156977
0.15,0.3,NVE22378,21.54872131,24.2281723,21.29501152,23.4355526,24.14406013,25.08038139,,0.819835174,-1.86269633
0.15,4.3,NVE15801,27.55713081,24.90994644,24.61234283,22.30237389,23.66839027,24.81675339,,0.819719484,2.097300847
0.15,0.3,NVE379,24.429245,25.58877945,22.73513412,25.67017365,25.34911728,26.39237595,,0.812823513,-1.5528361
0.15,0.5,NVE1869,26.06161308,27.06579018,25.48250008,27.14267731,26.73039627,27.3512764,,0.811053744,-0.871482213
0.15,1.6,NVE15133,29.21372986,28.22458076,28.15571594,28.18418694,27.83659363,27.49891663,,0.810101133,0.691443125
0.16,0.4,NVE2021,23.11993027,22.16880417,20.57575798,22.80923462,23.33715248,23.9738636,,0.804863958,-1.418586095
0.16,1.6,NVE12337;NVE14145,25.15830803,24.21645355,24.9271431,24.64091492,23.83489609,23.82434845,,0.785912195,0.667248408
0.17,2.5,NVE21151,28.58150673,27.52140617,29.33366394,26.23659134,26.98391914,28.23685455,,0.778533305,1.326403936
0.17,0.4,NVE12179,24.2663517,23.88483429,23.06472015,24.6590538,24.06652832,26.25418091,,0.778123902,-1.254618963
0.17,0.7,NVE19208,26.46201324,26.93539619,26.32005119,27.37152481,26.58563232,27.41005516,,0.775578728,-0.549917221
0.17,4.1,NVE10896,26.72559357,26.6408596,25.95982742,25.44897079,22.0307045,25.74342537,,0.77052154,2.034393311
0.17,0.5,NVE17335;NVE17336;NVE17993,23.72286224,24.76617813,22.99906921,24.86074448,24.23095894,25.79694366,,0.760443942,-1.133512497
0.18,0.5,NVE15835,22.65709114,21.79598236,23.28729057,22.68984222,23.87755013,24.57813454,,0.743720745,-1.13505427
0.18,6.3,NVE10051,34.5271759,29.62631035,31.08017159,29.4474659,30.18801308,27.6180687,,0.743555625,2.660036723
0.19,2.8,NVE20867,25.3315258,23.89956665,22.38640213,22.08547211,23.0897274,22.05241776,,0.731987037,1.46329244
0.19,0.6,NVE3816,25.87290955,26.87806511,25.96824837,27.05703354,26.36402702,27.53830719,,0.731361311,-0.74671491
0.19,3.1,NVE1270,23.19621086,23.23049355,26.28135872,22.66732979,22.29961014,22.81479836,,0.727001059,1.642108281
0.19,0.5,NVE20752,24.65485382,23.18191528,24.46998215,26.02299309,25.48983574,24.18925858,,0.724473398,-1.131778717
0.19,1.3,NVE3482,24.43115997,24.77741051,25.12691689,24.43510818,23.98832512,24.61397362,,0.723183059,0.432693481
0.19,0.5,NVE22972,22.56587601,24.17089081,22.04064941,24.01809692,23.71523476,24.13430023,,0.721883756,-1.030071894
0.19,0.5,NVE20628,27.39009857,28.44943428,26.33497238,28.0913887,28.2423172,29.02228928,,0.718250504,-1.060496648
0.19,0.4,NVE22444,22.5214386,24.16851997,21.57948875,23.42201042,24.19730568,24.53700447,,0.717675581,-1.295624415
0.19,0.2,NVE4111,21.9169445,25.3239212,21.1479702,25.25223351,23.82667732,26.11703873,,0.717121801,-2.269037882
0.19,0.3,NVE12841,22.4579525,25.81489563,22.39800262,26.12786102,24.80769348,25.30959511,,0.711522329,-1.85809962
0.20,0.3,NVE3084,20.93958282,23.3731842,22.23089218,23.23493958,22.90499687,25.96186066,,0.706549128,-1.852712631
0.20,0.4,NVE14919,23.04524422,24.84225273,22.55811691,24.23753929,24.40275574,25.29186249,,0.688870649,-1.162181218
0.21,0.5,NVE23052,26.52077866,28.47834778,27.03820992,28.43073654,27.85066986,28.60664368,,0.687912809,-0.95023791
0.21,0.5,NVE6411,25.78109169,27.90953445,26.46099854,27.28797722,27.92059326,27.94581223,,0.686310914,-1.000919342
0.21,0.7,NVE6983;NVE8486,21.92302513,22.59814262,22.13083458,23.10586357,22.95766068,22.17166901,,0.68162293,-0.527730306
0.21,0.4,NVE11903,23.31368256,25.41670609,24.96785164,25.19857979,25.36779785,26.83086586,,0.680936138,-1.233001073
0.21,0.4,NVE1179,27.32225418,26.32048225,24.60930252,27.19554138,27.05765343,27.60102081,,0.674162756,-1.200725555
0.22,0.3,NVE20508,23.70081139,23.94360161,20.85064316,23.95278168,24.12597084,25.01265335,,0.663947872,-1.532116572
0.22,0.8,NVE19027,29.08613396,29.63502312,29.01067924,29.58654404,29.34174347,29.96485329,,0.65476395,-0.387101491
0.23,4.4,NVE17707,27.17464638,24.23680878,28.97185898,25.50427628,24.95805931,23.4616394,,0.644346066,2.153113047
0.23,3.1,NVE647,25.94454002,25.22195625,24.17926788,21.44604874,24.17576981,24.84732819,,0.631638639,1.625539144
0.24,0.8,NVE18296,24.26556396,24.30270958,24.04401779,24.68185425,24.0952282,25.07891655,,0.628683541,-0.414569219
0.24,0.4,NVE3702,21.70695496,23.61963654,20.91134071,23.27767372,22.7585144,23.78556442,,0.627799138,-1.194606781
0.24,0.6,NVE346,22.23766136,23.53966904,22.29648018,23.37504196,22.96170998,23.73995399,,0.625351674,-0.667631785
0.24,0.7,NVE18687,24.58760643,25.07320595,24.20493507,25.39319611,24.57807732,25.48848915,,0.624338919,-0.531338374
0.24,0.4,NVE3943,24.75542068,22.39616203,24.56086731,24.28834534,25.25479507,25.81838608,,0.622917856,-1.216358821
0.24,0.7,NVE21973,26.06689835,26.64608955,26.26099777,26.97727394,26.20090103,27.58341026,,0.615421786,-0.595866521
0.24,0.3,NVE25933,21.03874779,23.05246162,25.10141373,23.72234154,25.06698036,25.8598671,,0.614783695,-1.818855286
0.24,0.2,NVE477,21.71745682,25.95540047,22.01660919,24.87159348,24.42233086,26.67357445,,0.614510887,-2.092677434
0.24,0.5,NVE10594,24.43294334,25.41509438,23.12327385,24.96750069,25.06262207,25.93950462,,0.612441098,-0.999438604
0.25,0.8,NVE5400,28.5484848,28.96187782,28.85257721,29.09360695,29.31010246,28.77184296,,0.609380132,-0.270870845
0.25,0.6,NVE1219,24.44978905,25.91346741,24.43898201,25.60978127,25.31655121,26.04197311,,0.607179056,-0.722022374
0.25,0.4,NVE15219,21.70833015,23.3924427,23.77866364,23.63489151,23.44215012,25.90032768,,0.603901427,-1.365977605
0.25,0.5,NVE19531,24.11083984,23.86551857,22.34115791,24.84047699,23.55905914,24.6753521,,0.601333183,-0.919123967
0.25,0.6,NVE14034,23.45600891,25.00165749,25.16004181,25.21697044,25.06735039,25.62159538,,0.601032063,-0.762736003
0.25,2.8,NVE15412,23.27042007,23.94904518,25.89633751,22.9859314,21.47732735,24.19723129,,0.597030604,1.485104243
0.26,0.7,NVE5009,29.29274559,29.72432709,28.62975311,29.62594414,29.39945984,30.1964798,,0.590932841,-0.525019328
0.26,0.5,NVE3030,22.27783394,24.17188263,21.40654945,23.30103493,23.81284142,24.08934021,,0.587056711,-1.115650177
0.26,0.8,NVE21222,24.89763069,25.18582153,24.68190765,25.63367271,24.78666115,25.54969025,,0.584637546,-0.401554743
0.26,0.6,NVE11611,24.17249298,25.38699532,24.56412697,26.33410263,24.66763306,25.47044754,,0.582097308,-0.782855988
0.26,0.4,NVE9431,21.14533234,24.67476082,23.56278992,25.21504593,23.94109535,24.5428009,,0.580374914,-1.438686371
0.26,0.6,NVE10082,26.65935326,27.88681221,26.50154495,27.67080879,27.19338226,28.29052734,,0.57851383,-0.702335993
0.27,0.3,NVE21527,24.02208328,27.20871735,22.77591324,25.60062408,26.45799828,27.49617577,,0.576250575,-1.84936142
0.27,0.6,NVE3113,28.75846672,30.21847343,29.30354118,29.8652153,29.7517643,30.62462044,,0.574537016,-0.653706233
0.27,0.6,NVE9010,25.01060486,24.92388344,23.51905441,25.71693611,24.46730995,25.75411987,,0.574000529,-0.828274409
0.27,0.5,NVE6409,22.81914902,24.43860245,21.85621071,24.42104721,23.89956665,23.78964996,,0.570796568,-0.998767217
0.27,0.3,NVE7541,24.80916595,25.68086243,22.05149078,26.03766632,24.38758659,27.73641014,,0.570738415,-1.873381297
0.27,1.8,NVE10665,27.37848663,25.84742355,27.73408508,26.33677864,26.58376884,25.46229553,,0.56881664,0.859050751
0.27,0.2,NVE17048,21.42465973,26.88623047,21.65427017,25.3210659,25.31305885,26.23064804,,0.564521997,-2.299870809
0.28,0.7,NVE7035,27.39582825,28.39091873,27.36118507,28.21692467,27.78462791,28.8919754,,0.552059599,-0.581865311
0.28,0.5,NVE13135,24.9166584,26.05419922,24.14491653,26.02460098,25.04676819,26.97476006,,0.550261147,-0.976785024
0.28,0.4,NVE21257,26.06367302,28.31042671,25.27540207,27.83683586,26.91216469,28.8882637,,0.547660593,-1.32925415
0.28,1.5,NVE2172,26.42584038,27.41514206,26.08082771,26.26629829,25.58849335,26.33781624,,0.547399953,0.576400757
0.29,0.5,NVE21432,24.61554527,26.42598343,23.76192474,26.29367065,25.127388,26.81164169,,0.543034399,-1.143082301
0.29,0.6,NVE17197,22.63879776,23.67658997,21.58413124,23.27824211,23.05168915,24.04360199,,0.539753775,-0.824671427
0.29,0.3,NVE3785,23.1269474,26.60116196,24.38271332,26.28707886,24.75256348,28.63193893,,0.53898684,-1.853586197
0.29,1.3,NVE26071,24.6009922,25.11155701,24.40243149,24.18033028,24.0496788,24.76819992,,0.537274348,0.372257233
0.29,0.4,NVE22651,24.60653687,24.90016556,21.81837082,24.7135582,24.56197357,26.00596619,,0.536883894,-1.318808238
0.29,0.6,NVE18989,26.42577553,28.64927864,27.31146622,28.27101707,28.03988457,28.47742081,,0.536228941,-0.800600688
0.29,0.5,NVE9071,24.69842911,26.26434898,24.47339249,25.55200768,25.52384567,27.59149361,,0.535821192,-1.077058792
0.29,0.8,NVE2161,26.40042877,26.37499237,25.73373604,26.51231766,26.19330597,26.8587532,,0.533313324,-0.351739883
0.30,0.4,NVE20970,22.28888321,25.09619331,21.80711937,24.83026123,23.32868767,25.32398987,,0.53010677,-1.430247625
0.30,0.6,NVE9033,26.18232155,26.10241508,26.24510384,27.7167263,25.68338013,27.42278099,,0.529274595,-0.764348984
0.30,0.7,NVE3266,24.33279037,25.84316444,24.99955177,25.84313965,26.05480003,25.13422203,,0.5253667,-0.61888504
0.30,0.3,NVE20883,21.72079849,25.30434608,21.20902824,23.82861519,24.26477814,24.86820602,,0.523609387,-1.575808843
0.30,0.4,NVE11208,21.65244675,24.48093033,23.31561852,25.25576782,23.19820595,24.64542961,,0.523019222,-1.216802597
0.30,1.4,NVE5295,25.05051041,25.30016327,24.61487198,24.89268303,23.74734879,24.82575607,,0.520800265,0.499919256
0.30,0.7,NVE4853,23.15642738,22.9034996,22.26514816,23.49935722,22.69255638,23.44796181,,0.517164926,-0.438266754
0.30,0.5,NVE14700,24.96525574,27.61414146,25.73412323,26.81958199,26.71855736,27.81659317,,0.516496581,-1.013737361
0.30,2.1,NVE9899,23.35585403,20.21347427,21.62225342,20.72982597,20.37485695,20.84022713,,0.516454119,1.082223892
0.31,2.2,NVE22590,28.42446327,25.30044174,27.88180351,26.40202332,25.85395622,25.89624405,,0.515667317,1.15149498
0.31,0.4,NVE19366,22.50831223,25.10880852,22.14691162,23.39845657,25.48655701,24.79714012,,0.512544611,-1.306040446
0.31,0.7,NVE6160,29.88009644,30.93100548,29.35867119,30.21465683,30.68862534,31.12589455,,0.510384526,-0.619801203
0.31,2.5,NVE12665,25.84713745,25.70472145,24.61515236,21.98745537,24.86499977,25.39217949,,0.507733479,1.307458878
0.31,0.3,NVE13700,21.54387283,26.15697861,22.97837639,25.38291168,24.45613289,25.73812485,,0.50445142,-1.632647196
0.31,0.6,NVE21242,26.95582199,28.61565018,26.4082737,27.95227051,28.1950264,28.1349659,,0.50255473,-0.767505646
0.32,1.6,NVE4890,27.19741821,26.78892708,27.62623978,26.24219894,27.57116318,25.75409508,,0.501258374,0.68170929
0.32,1.8,NVE14462,27.81488419,26.49884033,28.79125786,26.41351318,26.57101822,27.53704834,,0.500812099,0.861134211
0.32,2.8,NVE24835,25.47330093,28.72721863,26.91786575,24.00264549,25.56700325,27.09536934,,0.499827315,1.484455744
0.32,2.5,NVE10868,22.98907089,25.06081009,21.75637627,21.76866341,20.8120575,23.17440033,,0.498306992,1.350378672
0.32,1.6,NVE4653,30.20990181,28.47208405,28.89495659,28.58491516,28.11162758,28.91817856,,0.498270908,0.654073715
0.32,0.4,NVE12085,22.9958992,25.25208855,21.79362297,25.17440033,23.97613716,24.533741,,0.494409485,-1.21422259
0.32,0.3,NVE22316,21.89197731,25.91344452,21.41802025,24.73127747,24.17736816,25.25133133,,0.491375978,-1.645511627
0.33,1.3,NVE21507,25.64366913,25.98711205,26.52032852,25.61335564,25.50660896,26.02586746,,0.485680293,0.335092545
0.33,0.3,NVE2256,25.70334816,22.99471664,28.89793015,27.97021294,28.65632057,26.92184258,,0.485177503,-1.984127045
0.33,0.9,NVE14762,24.68292427,24.96433067,24.80375671,25.09002686,24.79004669,24.96965408,,0.484406326,-0.132905324
0.33,0.6,NVE24914,26.19512939,27.62226486,25.85033607,26.98912621,26.88890266,27.88407707,,0.483429831,-0.698125203
0.33,0.4,NVE9896,22.27356339,24.69216156,21.7219677,22.67854691,24.43879318,25.9225235,,0.482019551,-1.450723648
0.33,1.5,NVE248,22.66925621,22.97270584,23.48480606,21.86115074,21.98384476,23.42981911,,0.481556366,0.617317835
0.33,0.3,NVE13749,25.45807648,26.16467094,21.35383034,26.31195259,25.61211777,26.04191017,,0.47685107,-1.663134257
0.33,0.7,NVE11357,26.38796425,27.15315628,26.39826012,27.61287689,26.48868752,27.20060158,,0.475076989,-0.45426178
0.34,0.4,NVE17868,21.73529625,25.40051079,24.75322723,24.94962311,25.19527817,25.48120689,,0.473854718,-1.245691299
0.34,0.6,NVE19282,25.2966671,27.24508667,26.17466545,27.07183647,26.23396111,27.74804115,,0.473368279,-0.779139837
0.34,0.7,NVE7114,24.55391312,25.99834633,24.79223251,25.92745972,25.28911972,25.70474815,,0.469648455,-0.525611877
0.35,0.4,NVE19778,22.28496933,26.24608421,25.01512146,24.81142044,25.7396698,27.53073692,,0.460926783,-1.511884054
0.35,0.7,NVE;NVE11854;NVE14105;NVE14708;NVE14832;NVE15668;NVE18408;NVE18410;NVE18634;NVE18842;NVE21352;NVE21355;NVE21465;NVE22187;NVE23185;NVE24005;NVE24018;NVE24051;NVE24359;NVE24629;NVE24647;NVE24664;NVE3380;NVE3901;NVE3927;NVE5224;NVE5227;NVE5232;NVE8841;NVE8848,25.72343445,25.17945862,26.84278107,27.1064949,26.1102829,26.36364365,,0.460342229,-0.611582438
0.35,0.5,NVE16663;NVE18387,21.99443626,25.03023148,24.06620026,24.33340454,24.59434319,25.11779213,,0.45978578,-0.98489062
0.35,0.6,NVE4706,25.40129089,26.80747223,25.09079361,25.8479023,26.43039322,26.99075127,,0.454391287,-0.656496684
0.36,1.4,NVE18722,24.59451485,24.96124268,25.82805824,25.31146622,24.20724678,24.27497673,,0.445571168,0.530042013
0.36,0.4,NVE7058,23.6227684,26.36652946,23.56244087,25.82946205,24.28482056,27.5095253,,0.444376303,-1.357356389
0.36,0.3,NVE8802,30.91242218,24.8576622,29.64881706,31.62051773,30.01251984,29.71912766,,0.437889362,-1.977754593
0.37,0.3,NVE13009;NVE16238,21.84787369,26.15470123,21.87497902,24.60721588,23.62589073,26.92127609,,0.434792881,-1.758942922
0.37,0.6,NVE12051,28.62627411,29.59848404,28.41485977,29.29278946,28.74525261,30.62966537,,0.433341678,-0.676029841
0.37,0.3,NVE19696,22.66059875,25.19475365,23.50324631,23.86768913,24.04460144,29.23776627,,0.431961777,-1.930486043
0.37,0.5,NVE4258,22.18486404,23.67562294,20.78591347,23.65512657,22.77641678,22.87096405,,0.430528302,-0.885368983
0.37,0.3,NVE818,25.24383354,26.51534271,21.11013603,25.98015404,24.95522308,27.20013428,,0.427094215,-1.755399704
0.37,0.7,NVE17337,23.73727417,24.7951107,24.01333427,24.96221352,23.97587585,24.98450661,,0.426881025,-0.458958944
0.37,0.4,NVE21851,22.34023857,25.97716522,24.01920128,25.05096626,24.47722816,26.38508606,,0.42681974,-1.192225138
0.38,0.6,NVE6269,26.39209747,27.29175758,24.91793442,27.2269249,26.45495796,27.09184265,,0.421973658,-0.723978678
0.38,3.8,NVE21674,25.71968079,22.54297638,28.79761124,22.30932236,24.9019165,24.03523445,,0.42167538,1.937931697
0.38,0.5,NVE5994,21.98594475,24.09892654,23.49083138,23.70007133,23.16292381,25.51388359,,0.419320515,-0.933725357
0.38,0.5,NVE12094,26.4535141,28.86493492,26.59988594,28.08491707,27.31423569,29.46913719,,0.417307456,-0.983318329
0.38,0.6,NVE3283,21.89380836,23.79084206,23.88007545,24.36532974,23.52814674,23.71208954,,0.416169567,-0.68028005
0.39,0.3,NVE2088,28.55968666,25.05660057,31.74338531,30.96126938,30.71873665,29.45175552,,0.411490692,-1.924029668
0.39,0.5,NVE21216,24.90338707,27.68739128,25.1188221,27.59775734,26.32445335,26.61245537,,0.410833192,-0.941688538
0.39,0.2,NVE13286;NVE19262;NVE7454;NVE7460;NVE7463;NVE7465;NVE8262;NVE9307;NVE9308,30.05504417,22.33745956,29.54500771,30.92521477,29.26579666,29.12632561,,0.408186535,-2.459941864
0.39,0.5,NVE4604,24.96556473,25.30615616,22.3568306,25.08638573,24.56581306,25.87541962,,0.407494479,-0.966355642
0.39,0.6,NVE11007,24.80129242,26.62533379,24.50712204,26.14244461,25.37825584,26.55634117,,0.405586409,-0.714431127
0.40,0.5,NVE18376;NVE22176,24.98832512,27.20134926,24.03565407,26.52387619,25.62064362,26.98500633,,0.402085936,-0.968065898
0.40,0.6,NVE14914,22.23560524,24.45450401,22.22660065,24.23659134,22.93293762,24.1801033,,0.401903472,-0.810974121
0.40,1.6,NVE16112,25.63713264,26.68605614,25.85536003,24.52677345,25.13469124,26.57535172,,0.398949319,0.647244136
0.40,0.3,NVE23963,31.41538429,26.99010086,33.02897644,32.27044296,32.72409439,31.59690475,,0.395970579,-1.718993505
0.40,0.3,NVE19363,24.22184563,26.43548965,20.56162643,26.33277321,24.46929932,25.43013763,,0.392950879,-1.671082815
0.40,2.4,NVE2933,25.7817421,24.03414345,25.31934547,22.14201546,26.23302841,22.9838028,,0.39291414,1.258794785
0.41,0.4,NVE9180,23.86759377,26.83557129,22.42910385,25.79320145,24.43160629,27.10249519,,0.390835211,-1.398344676
0.41,0.3,NVE4155,28.60087967,22.7192421,27.36084938,28.68835831,27.66505814,27.37534142,,0.386395882,-1.682595571
0.41,0.4,NVE5102,23.21510887,27.22250938,22.54439735,26.55802155,25.03208351,25.58193016,,0.384939536,-1.396673203
0.41,0.3,NVE4295,23.95881081,26.72858238,20.30581093,25.31492805,24.54114532,26.45392227,,0.384167567,-1.772263845
0.41,0.5,NVE21910,25.29736519,27.70332146,24.52778816,26.66288757,26.12963104,27.60816002,,0.383759532,-0.957401276
0.41,1.6,NVE14517,25.18669128,26.57744217,25.94969177,24.78715897,24.27689362,26.50415421,,0.383475366,0.715206146
0.41,0.3,NVE14265,31.23626137,26.82784081,33.05109406,32.23034668,32.86175156,31.23340797,,0.382907813,-1.736769994
0.41,0.6,NVE6383,25.70342827,27.87414169,25.26452637,27.14967155,26.4989624,27.549366,,0.382747599,-0.785301208
0.41,1.8,NVE16915,25.22361374,27.09063339,25.79746246,25.8282032,23.73913002,26.03927803,,0.382239989,0.835032781
0.42,1.8,NVE7852,28.51152611,25.94670486,28.2170639,25.9905777,26.99561119,27.24943352,,0.381084323,0.813224157
0.42,0.6,NVE15036,25.60215378,27.63110542,26.08638573,26.46645546,26.99518013,27.82231903,,0.377498797,-0.654769897
0.42,0.6,NVE20604,29.86668968,31.69407463,29.64972496,30.45542526,30.82084465,32.12731171,,0.371858911,-0.731030782
0.43,0.3,NVE1158,30.23774338,25.58540154,32.66562271,31.73638535,32.03541183,30.39550209,,0.370689207,-1.892843882
0.43,0.5,NVE4573,21.81258392,25.18567085,21.73073769,23.56267357,23.5525074,24.84551048,,0.370683338,-1.077232997
0.43,0.6,NVE11088;NVE12604,25.83357048,28.12045479,26.38730621,27.33637047,26.98804283,27.99652672,,0.368133744,-0.659869512
0.43,0.7,NVE10025,26.50945091,28.2021904,27.37252045,28.34401131,27.25979424,28.02321625,,0.367572859,-0.514286677
0.43,0.6,NVE168,21.83080101,24.57796097,23.81997108,24.04318428,23.55625343,25.05109024,,0.362188484,-0.807264964
0.44,0.7,NVE19184,27.96096611,28.54517365,27.14004707,28.0513916,28.0102005,28.85913849,,0.3596063,-0.424847921
0.44,0.4,NVE1333,30.71808243,27.11634445,32.86376572,32.08847427,32.11352921,30.92478943,,0.356907839,-1.476200104
0.44,0.6,NVE16875,23.62711716,26.18899345,24.29487991,25.11925697,24.91897964,26.34950638,,0.355597805,-0.758917491
0.44,0.4,NVE6844,26.88133621,24.98472404,30.00061607,29.10367012,29.09785652,27.6005249,,0.352831137,-1.311791738
0.44,0.5,NVE10151,21.73515129,25.03938103,25.34698868,24.79595375,24.78825569,25.54486465,,0.352143325,-1.0025177
0.45,0.7,NVE19265;NVE25733,21.93611908,23.59046555,22.54276848,23.1494503,22.57299805,23.91643143,,0.35014217,-0.523175557
0.45,0.6,NVE20895,24.19031334,25.88217735,23.90021324,25.59835434,24.20269585,26.44192886,,0.349394016,-0.756758372
0.45,0.3,NVE16142,31.85181046,26.53938675,33.83432007,32.79674149,33.39061737,31.6727829,,0.348671114,-1.87820816
0.45,1.7,NVE1271,22.77039909,22.48944473,24.73065567,23.33632851,21.36230469,22.96781158,,0.345328078,0.774684906
0.45,0.4,NVE2942,20.80241203,24.30619049,26.0508213,25.40694618,23.48603439,26.80390549,,0.344571163,-1.512487411
0.45,0.3,NVE19863,26.08594131,27.97967339,21.76259804,27.25970459,26.18859863,27.03412247,,0.343851588,-1.551404317
0.46,0.4,NVE15469,24.4968605,27.44126511,23.37875175,26.16269302,24.9579258,27.84810448,,0.341896985,-1.217281977
0.46,0.4,NVE8137,23.42534447,26.87888336,22.08925819,24.70413971,25.17790031,26.21704483,,0.341806775,-1.23519961
0.46,0.5,NVE6044,23.17317963,27.40940857,25.19891739,26.10813141,25.53738976,27.47057152,,0.340199241,-1.111529032
0.46,0.7,NVE12874,21.88336945,24.21903992,22.06982613,23.44164467,23.26011848,23.32003403,,0.339165151,-0.616520564
0.46,0.6,NVE20975,23.73458862,26.32015419,24.35763168,25.40363312,25.16046333,25.82252502,,0.338805411,-0.658082326
0.46,0.6,NVE2876,24.25392914,25.33429146,23.12623787,24.95982742,23.88072968,26.09103584,,0.33857712,-0.739044825
0.46,0.5,NVE24525,21.54437065,25.31122398,21.91482925,23.58416939,23.48775291,24.82084656,,0.337661584,-1.040781657
0.46,0.6,NVE14186,24.64069366,26.17333221,25.44005966,26.25758362,24.86315727,27.0131855,,0.336045537,-0.626613617
0.46,0.4,NVE2507,30.31635284,26.17512321,32.25405884,31.13197708,31.86831665,30.26684761,,0.335986868,-1.507202148
0.46,0.4,NVE363,23.57184219,27.02474785,23.3269062,26.54026031,23.83730507,27.47761345,,0.334184708,-1.310560862
0.46,0.7,NVE1939,31.28796577,33.10077286,31.03196716,32.094841,32.06544876,33.01468277,,0.334094254,-0.58475558
0.46,0.5,NVE21409,23.351511,26.71227264,23.41286659,25.63558197,24.15259552,27.06855965,,0.333437116,-1.126695633
0.47,0.5,NVE12751,23.20480156,25.88285255,23.88688087,25.15746117,23.88231659,26.69524574,,0.331616607,-0.920162837
0.47,0.5,NVE12992,22.47293472,26.10109329,22.58221817,23.91761589,24.2456131,26.44800949,,0.331257119,-1.151664098
0.47,0.5,NVE23430,24.71962738,27.67404556,23.39728165,25.98072052,25.53812981,27.7003479,,0.329954663,-1.142747879
0.47,1.3,NVE25182,25.45004082,26.08358955,24.8735199,25.54135323,25.09281158,24.79431725,,0.32589734,0.326222738
0.47,0.6,NVE9487,25.10868835,26.99938011,25.08229065,25.85388565,25.90781784,27.32225418,,0.325806555,-0.631199519
0.47,0.4,NVE19817,27.12898254,23.31930161,29.2782383,28.28180122,28.61515999,27.10269547,,0.324746968,-1.424378077
0.47,0.6,NVE12565,24.47852516,27.3558197,24.68222809,25.68265724,26.12522125,27.12366486,,0.323988779,-0.804990133
0.48,1.7,NVE12122,28.47378731,25.66082191,27.70543289,27.40194321,26.46937752,25.68696404,,0.319787711,0.760585785
0.48,0.5,NVE14288,25.50675964,25.39293289,21.45679474,25.1589241,25.08921814,25.20168686,,0.316933515,-1.031113942
0.49,0.7,NVE5570,24.89157104,26.78081703,25.80798721,27.23662758,25.60969734,26.29603577,,0.314132425,-0.553995132
0.49,0.6,NVE19766;NVE25565;NVE5239;NVE6608;NVE6609,28.87047195,31.49648094,29.91613007,31.20920372,29.91726875,31.13405991,,0.3088174,-0.659149806
0.49,0.4,NVE23152,27.04239082,29.32622337,24.14802361,28.1286869,27.25367737,28.64958763,,0.307655442,-1.171771367
0.49,0.6,NVE20941,24.48873329,26.55287361,24.4368248,25.96631241,24.86961937,26.57542419,,0.306231405,-0.64430809
0.49,0.6,NVE16307,24.21200562,26.08626556,22.70025253,24.76526833,24.69008446,25.92737007,,0.305966652,-0.794733047
0.49,1.8,NVE17486,27.81396675,24.99230766,25.63145256,25.92011642,26.19683647,23.69996452,,0.305781389,0.873603185
0.50,1.4,NVE23913,23.42419052,25.00654411,23.21095085,22.92705345,23.70493126,23.64118958,,0.299367473,0.4561704
0.50,0.4,NVE1220,24.94837761,26.5610714,20.21445274,24.67777443,25.03887939,26.34187508,,0.297526568,-1.444875717
0.50,1.5,NVE3077,25.46497536,26.97836494,24.87759781,25.20415115,24.57986069,25.91889,,0.297454411,0.539345423
0.51,1.4,NVE9450,25.92236519,24.76375008,27.105196,25.74134254,25.52820587,24.96921349,,0.293512802,0.517516454
0.51,1.5,NVE1269,22.39678574,21.84506035,24.042099,23.10091209,21.29358482,22.05996132,,0.293091281,0.609828949
0.51,1.2,NVE23054,27.22121811,27.01456833,26.87009048,27.31397629,26.04499817,26.90701485,,0.292255957,0.27996254
0.51,0.8,NVE10857,23.21314812,23.87623978,23.53409576,23.28220749,23.57634735,24.95460129,,0.291826137,-0.39655749
0.51,1.8,NVE14926,29.51485825,25.62469292,28.7282238,26.94525337,27.666008,26.60766602,,0.290855206,0.882949193
0.51,0.6,NVE22615,23.24760246,25.15545464,21.93991661,24.36111832,23.2877121,24.96040344,,0.289719254,-0.755420049
0.52,0.4,NVE8330,21.75742722,27.02633286,21.65940285,25.01034927,24.63433647,24.59383011,,0.287345704,-1.265117645
0.52,1.9,NVE14118,23.17613602,25.25569534,25.46768379,24.94507599,21.63973999,24.58812141,,0.287318392,0.908859253
0.52,0.6,NVE3478,24.81616592,26.46587944,24.00118446,26.68096924,24.44227791,26.28508568,,0.285597003,-0.708367666
0.52,0.4,NVE478,21.96384048,27.84146118,24.49435997,26.07179451,25.22221375,26.72585487,,0.284627967,-1.240067164
0.52,0.5,NVE19115,26.79141426,22.22421646,27.27462006,26.91422081,26.88157082,25.9414978,,0.282142697,-1.149012884
0.52,0.6,NVE18375;NVE22177,22.46423531,24.75343132,22.13359451,23.58714867,23.2298317,24.41312599,,0.281743778,-0.626281738
0.52,0.7,NVE25016,24.73262405,27.21623039,25.66283417,26.95726204,25.72718048,26.63187027,,0.281584778,-0.568208059
0.52,0.5,NVE69,21.39632225,25.68565369,25.20284462,24.96565247,24.86145401,25.31066895,,0.280783775,-0.950984955
0.52,0.5,NVE22308,29.99685097,27.97481537,32.33575058,31.7261467,31.31974792,30.08891487,,0.280380909,-0.942464193
0.53,1.9,NVE8461,30.27708435,26.18057823,27.79810524,27.62156677,27.83617401,26.0539093,,0.27935253,0.914705912
0.53,0.6,NVE242,24.17508507,27.19422722,25.16177177,26.66329575,25.54836655,26.28993034,,0.278831519,-0.656836192
0.53,0.4,NVE5964,25.41121864,27.19798088,20.99920464,26.27042007,25.31982613,25.86022377,,0.276124691,-1.280688604
0.53,0.8,NVE7496,26.68244362,26.96278763,25.94228172,27.08911705,26.09200478,27.44498062,,0.274178637,-0.346196493
0.53,0.8,NVE6666,29.12767982,30.35184479,29.19664383,29.96168327,29.59199333,29.97541618,,0.273855907,-0.284308116
0.53,0.5,NVE20076,22.30352402,25.98398399,23.29052734,25.42793465,22.96569633,26.16903687,,0.272118356,-0.994877497
0.54,0.4,NVE21864,21.09397125,26.83725548,25.3010006,25.7624321,24.98076439,26.02214622,,0.270246453,-1.177705129
0.54,3.9,NVE10958,28.48715401,31.69755936,27.06342506,22.51996613,27.42350197,31.45919228,,0.266138772,1.948492686
0.54,1.8,NVE2633,25.43717384,25.42438316,25.43717384,22.08443642,25.55914688,26.1339283,,0.265363859,0.840406418
0.55,2.8,NVE18268,28.69813156,30.42971992,27.70378494,23.63089752,27.73647308,30.97555351,,0.263019097,1.496237437
0.55,0.5,NVE1638,30.03930855,25.54498291,30.7207756,30.32098389,30.65403366,28.73230743,,0.26155066,-1.134085973
0.55,0.5,NVE10049,22.60786819,26.27025986,21.98749352,24.12486649,24.31167412,25.12016678,,0.260778536,-0.897028605
0.55,0.7,NVE13177,26.31634331,28.03737259,26.1227951,27.52013397,26.36078262,28.17996979,,0.260377077,-0.528125127
0.55,0.6,NVE3705,23.80370712,25.60260773,22.65181923,24.39499474,23.63798904,26.3069725,,0.258893245,-0.760607402
0.55,0.5,NVE14882;NVE15937,23.92831802,25.78301811,21.21042824,24.20396423,24.48283768,24.85081291,,0.25885438,-0.87195015
0.55,0.8,NVE10009,26.09699821,24.41854095,25.85782814,25.50833321,25.79815483,26.14953613,,0.25831325,-0.36088562
0.55,0.5,NVE23137,23.36773109,25.86863136,21.43740654,24.85090828,23.42713547,25.07712364,,0.25707906,-0.893799464
0.56,0.4,NVE13292,24.73365784,27.70180321,22.62613678,25.58528709,24.63870621,28.42690468,,0.255491195,-1.196433385
0.56,1.5,NVE4736,27.0524807,25.24641037,27.87835884,25.5525074,25.56118774,27.22526932,,0.254703864,0.612761815
0.56,0.5,NVE16548,23.85642815,27.2691021,23.25421715,25.37898254,24.93341637,26.67141724,,0.254565808,-0.868022919
0.56,0.6,NVE234,21.84389496,25.79659653,23.35568428,24.772686,23.84527206,24.65151787,,0.253235692,-0.757766724
0.56,0.5,NVE10602,28.39913368,25.08921814,29.81128883,28.66438103,29.66952515,27.82383728,,0.252386933,-0.952700933
0.56,0.6,NVE6054,23.04043007,26.24720764,22.10626984,24.95055962,24.1331234,24.73809814,,0.25114105,-0.809291204
0.56,0.6,NVE20160,25.7427578,28.8960247,25.49947929,26.3979187,27.34045029,28.89272881,,0.250746318,-0.830945333
0.56,0.7,NVE7748,24.77097321,26.40722084,24.52599716,24.8754425,25.92655563,26.27118683,,0.249513258,-0.456331253
0.56,0.4,NVE18293,22.14088821,26.70516968,21.33597755,23.78066635,23.50275993,26.53657341,,0.248515971,-1.21265475
0.57,0.5,NVE21815,25.88175774,27.8075943,21.93336296,26.51239204,25.57452965,26.78206825,,0.241519861,-1.082091649
0.58,0.7,NVE2822,23.69285393,26.5455265,24.94297409,24.97281075,25.31129265,26.68163872,,0.239928701,-0.594795863
0.58,1.3,NVE9125,27.26230621,25.37421417,26.20243454,25.91065598,25.34391022,26.43343735,,0.239781029,0.383650462
0.58,0.8,NVE4715,25.58543205,26.78656197,25.35528183,25.98413658,25.69112396,27.21771049,,0.237152562,-0.388565063
0.58,1.3,NVE7744,28.3939476,30.32988548,28.4050312,28.84977531,28.29500198,28.77953339,,0.236963481,0.401517868
0.58,1.7,NVE4716,23.45613289,23.69115067,25.43828392,24.866745,21.26999855,24.16913223,,0.23597708,0.759897232
0.58,0.7,NVE5154,24.62416267,23.41596413,21.38274765,22.91216087,24.33722115,24.0350666,,0.234331188,-0.620524724
0.58,1.6,NVE24907,24.26356125,24.82313347,23.87370682,21.45680428,24.85319519,24.63306236,,0.233402831,0.672446569
0.59,0.7,NVE16306,26.53363609,27.95775986,24.84004593,27.10958672,27.11227417,26.71920967,,0.2310962,-0.536542892
0.59,0.8,NVE11411,23.93030548,24.90187073,23.87060738,24.53451157,24.01639748,24.89481163,,0.231027198,-0.247645696
0.59,0.7,NVE18506,26.08814812,28.25020218,25.49368858,27.28911972,26.4425621,27.70754051,,0.228982916,-0.535727819
0.59,0.6,NVE2223,24.57790375,27.62282372,26.58448601,26.55660439,25.88056564,28.38665009,,0.22823723,-0.679535548
0.59,0.6,NVE18510,30.14089966,26.72702408,30.68110275,29.85882759,30.72387123,29.25193977,,0.227750654,-0.761870702
0.59,0.5,NVE2181,23.42790222,26.94882202,21.81888199,25.07185555,23.8237648,26.1950531,,0.227157062,-0.965022405
0.59,0.7,NVE17919,26.01290894,27.95376968,26.08703423,27.24880028,26.45184898,27.60639572,,0.226738288,-0.417777379
0.59,0.8,NVE20217,27.70787048,25.77981567,27.59967422,27.33841133,27.77799988,27.10759163,,0.2259916,-0.378880819
0.60,0.8,NVE23692,25.78464127,27.41844368,26.81933784,26.69750023,26.71855736,27.56833839,,0.225107763,-0.32065773
0.60,0.7,NVE7862,25.07647133,27.35976028,25.53115463,27.04666519,25.69359779,26.61217499,,0.224438112,-0.461683909
0.60,1.2,NVE25665,26.35712814,26.11638451,25.49304771,26.02856827,24.80247498,26.24427032,,0.224242226,0.297082265
0.60,0.6,NVE19525;NVE5049,26.74624634,22.70211411,25.54099846,26.19371986,26.546381,24.56406975,,0.2240453,-0.771603902
0.60,0.8,NVE18990,25.21944809,25.82815552,25.60311699,26.49806404,25.22989655,25.63353348,,0.223397675,-0.236924489
0.60,0.7,NVE8333,24.53611374,26.42375755,24.22206688,25.74909019,24.60823059,26.25855446,,0.221088378,-0.477979024
0.60,0.8,NVE13456,26.04893112,25.91200447,25.15641975,25.53584671,25.61823654,26.79389572,,0.219195198,-0.276874542
0.60,0.6,NVE6605,21.22139549,25.68984604,23.71920967,25.72897148,23.31160545,24.08009529,,0.218960001,-0.830073675
0.61,0.6,NVE11712,25.29736519,28.78225517,24.97149658,27.10209465,26.22652054,27.92976379,,0.217773427,-0.735754013
0.61,0.7,NVE15608,23.66968727,25.01158714,22.06024361,23.24871254,23.84565544,25.45004082,,0.217103515,-0.600963593
0.61,1.4,NVE19352,27.50256348,28.11162758,28.91367722,29.0509243,27.65621948,26.37223816,,0.214401849,0.482828776
0.61,0.8,NVE22525,26.8102932,28.97637177,27.90288162,28.45885086,27.53497314,28.93444061,,0.214372762,-0.412906011
0.61,0.6,NVE18909,24.06677437,26.8560257,23.14752579,25.30990601,24.53943062,26.23009872,,0.213592762,-0.669703166
0.61,0.8,NVE9154,25.44679451,26.45749664,26.19601059,26.30005836,25.65080643,26.93898773,,0.212987369,-0.263183594
0.61,0.8,NVE10189,29.05997467,30.07673645,27.7327919,29.12767982,29.01515388,29.94293594,,0.212959576,-0.405422211
0.61,0.8,NVE20717,22.24537277,22.66192627,22.79304123,23.65512657,22.61076736,22.19784546,,0.212834863,-0.254466375
0.61,1.6,NVE8196,27.56012344,27.78624916,24.39113045,25.53186798,25.06155205,27.08476639,,0.212211584,0.686438878
0.62,0.7,NVE9105,23.59571075,22.68027878,25.70606613,24.05424118,25.2471714,24.25328064,,0.209573523,-0.524212519
0.62,0.5,NVE2295;NVE2298,27.23763084,23.56127548,29.29296494,27.06886673,29.9082756,26.32731628,,0.207048473,-1.070862452
0.62,0.6,NVE16749,23.20041466,25.72382545,22.37714767,23.86797142,23.4470787,26.05775642,,0.20670015,-0.690472921
0.62,1.4,NVE2104,25.33609772,26.27227402,24.47265053,25.13606071,23.28799438,26.10271454,,0.205153288,0.518084208
0.62,1.6,NVE21118,25.36128426,22.22961044,25.06229401,23.95969582,24.75669289,21.82683182,,0.204730989,0.703322728
0.63,0.9,NVE15896,28.82131577,29.48707771,28.65550232,29.0519886,28.93853951,29.43855095,,0.202180763,-0.155061086
0.63,0.8,NVE10147,29.54594803,27.63318634,29.91826439,29.60683823,29.82505226,28.86649704,,0.201762409,-0.40032959
0.63,0.7,NVE5659,24.62850761,26.29193306,24.6601429,25.66511345,24.3278656,27.10499573,,0.200474802,-0.505797068
0.63,1.6,NVE12210,22.05375099,25.95903206,25.37325096,23.3808651,23.62656021,24.42034149,,0.200221884,0.652755737
0.63,2.0,NVE20002,28.85907936,22.67237091,27.06280899,25.16480446,26.4282074,23.93445015,,0.199422079,1.022265752
0.63,0.5,NVE13667,29.72937584,24.83865166,30.98590088,29.72015572,30.40110779,28.47363281,,0.199276244,-1.01365598
0.63,0.6,NVE9857,25.50833321,28.93519974,26.22184563,28.22412109,26.21891212,28.12844086,,0.19855034,-0.635365168
0.64,1.5,NVE17574,23.50106049,23.17520714,25.47701263,22.6806736,22.74929237,25.09067345,,0.195343444,0.544213613
0.64,0.7,NVE9958,22.65749741,24.38422966,24.18321228,26.4431324,23.80370712,22.82236481,,0.194930287,-0.614754995
0.64,0.8,NVE19956,28.47429085,30.64392281,28.59484291,29.74717522,29.04038048,30.09169197,,0.193966908,-0.388730367
0.64,0.7,NVE11465,22.048769,24.72718048,22.43227768,23.7092514,22.88706779,23.97123337,,0.193617038,-0.45310847
0.64,0.9,NVE2069,22.11496162,22.38279343,22.03140259,22.81378174,22.054739,22.07201958,,0.193608203,-0.137127558
0.64,0.8,NVE1820;NVE2870,31.98182487,33.50923157,32.11554337,33.14923859,32.31691742,32.9671402,,0.192075227,-0.275565465
0.64,0.6,NVE19312,30.06213951,26.62072754,30.87430382,30.65497398,30.21106339,28.81933784,,0.191971725,-0.709401449
0.64,0.8,NVE17939,25.91732025,27.38294411,25.39528847,26.56435966,26.39421082,26.63740921,,0.191925563,-0.300142288
0.64,0.7,NVE14885;NVE1705;NVE2699;NVE2702,27.49861145,30.68679047,28.92948151,29.95560074,28.64385414,30.05491447,,0.191214265,-0.513161977
0.65,1.7,Nv1,26.54776382,30.35037041,26.49538231,26.24245453,25.88539314,28.89611244,,0.190036391,0.789852142
0.65,0.5,NVE2945,21.57413101,27.59512711,23.53492737,24.14561653,24.80670929,26.6092186,,0.189885676,-0.952452977
0.65,1.5,NVE10209,25.65236664,24.97556877,23.40872765,24.62321472,22.35568428,25.38528442,,0.189317589,0.55749321
0.65,0.7,NVE21543,22.7948513,24.69429016,24.35272408,25.78558922,23.50397301,23.90756607,,0.189000666,-0.451754252
0.65,1.1,NVE20590,24.36839676,23.95633125,24.24568558,24.62639236,23.91825294,23.51821327,,0.186620375,0.169185003
0.65,1.2,NVE22048,27.90901947,26.45721436,28.10509491,27.09607315,27.13359451,27.46575546,,0.185237636,0.258635203
0.65,0.6,NVE790,23.05016136,25.50154495,21.21154022,23.86514091,23.20392036,24.58663368,,0.184330395,-0.630816142
0.66,1.5,NVE21451,23.48148346,23.77936554,23.17288971,23.74118805,20.50115585,24.42463875,,0.183612572,0.588918686
0.66,0.7,NVE12991,24.86325073,25.87684822,22.70493126,24.63798904,23.89753723,26.73221016,,0.183343138,-0.607568741
0.66,0.8,NVE25082,28.34705734,29.69265366,27.37252045,29.01025391,28.17878342,29.30149269,,0.182015162,-0.359432856
0.66,1.3,NVE459,25.235569,26.87829971,25.18249321,25.46942329,24.16461372,26.437603,,0.180075142,0.408240636
0.66,1.4,NVE2189,27.94982529,25.16100311,27.49609947,26.36116791,25.94246101,27.00292397,,0.17967284,0.433458328
0.66,0.6,NVE24413,20.87055397,25.98648262,25.88042641,24.91259956,24.97683716,25.23928833,,0.179199997,-0.797087351
0.66,0.5,NVE6580,20.70023346,25.36078262,24.79392052,27.06630325,23.16312408,23.36064911,,0.178484711,-0.911713282
0.66,0.6,NVE31,23.4596405,26.98381042,21.45837593,24.20404053,23.9314785,26.26515388,,0.178257901,-0.832948685
0.66,1.5,NVE13578,24.73044777,27.70226479,26.52205086,25.12947273,24.23622513,27.69491386,,0.177691637,0.631383896
0.66,0.7,NVE38,23.86154938,26.53931236,24.95991707,25.67658997,24.09160042,27.28427505,,0.177624851,-0.563895543
0.66,1.4,NVE8782,25.14141273,26.67922401,23.78466606,23.46276283,25.55824089,25.11020279,,0.177495185,0.491365433
0.67,0.8,NVE4658,29.13875389,30.75190735,28.66610909,29.51444435,29.42890167,30.63650894,,0.174232154,-0.341028214
0.67,0.7,NVE24199,21.29760933,24.89979744,23.01986313,24.00049782,22.92996216,23.78526497,,0.173492136,-0.499485016
0.67,1.4,NVE7821,30.82562828,27.77467346,28.80448914,27.90104103,29.75751305,28.29316139,,0.173128496,0.48435847
0.67,0.6,NVE3929,22.32124519,26.80882263,24.45550728,26.17894554,23.3013134,26.33735657,,0.172932264,-0.744013468
0.67,0.5,NVE17095,21.80522346,27.40948868,21.80955887,23.37132454,23.46650124,27.28118134,,0.17207663,-1.0315787
0.67,0.7,NVE721,25.06903076,26.86961937,24.27845383,25.49652672,25.12186813,26.86584854,,0.171384726,-0.422379812
0.67,0.6,NVE21549,22.20239258,27.19826126,24.03950691,24.17714119,24.55689812,27.032547,,0.171338612,-0.775475184
0.68,0.8,NVE25273,25.62419128,27.26918983,26.99733543,26.09597206,26.82335281,27.98070908,,0.169804581,-0.336439133
0.68,0.6,NVE24821,22.68294716,26.52305412,23.48443794,25.84057426,22.58387184,26.50254822,,0.166981893,-0.745518366
0.68,1.3,NVE24408,28.5320015,27.85899162,26.15348434,26.21648979,27.48960686,27.71868706,,0.165810214,0.373231252
0.68,0.8,NVE22676,23.81156921,26.1021347,24.02199936,24.89045715,24.31803513,25.85974884,,0.16570971,-0.377512614
0.68,0.8,NVE14526,26.20582962,27.97623634,25.96413231,27.05030251,26.14367104,28.06152153,,0.165412076,-0.3697656
0.68,0.9,NVE20401,27.79556847,27.06465912,27.27310944,27.24970436,27.24934387,28.10614395,,0.165059211,-0.157285055
0.69,0.7,NVE18002,24.21526909,26.01356888,22.15027237,24.00633049,24.22714424,25.76362228,,0.162844371,-0.539328893
0.69,1.3,NVE15132,29.26342583,27.16154099,26.6607132,27.26320267,28.0524292,26.60554886,,0.162035218,0.388166428
0.69,0.5,NVE925,22.11147308,27.99986267,22.55025291,23.97640038,23.97088242,27.61470413,,0.161475945,-0.966799418
0.69,1.4,NVE2016,28.79717827,29.28969193,28.0730114,26.23854256,28.43483734,30.00597763,,0.161471443,0.493508021
0.69,0.6,NVE24162,26.59733009,29.55797195,22.76622772,27.2193737,26.90930557,27.31993103,,0.160560277,-0.842360179
0.69,1.2,NVE6784,24.90646553,24.64724159,26.54601288,24.93445015,24.53118324,25.74727249,,0.15991937,0.295604706
0.69,1.3,NVE14982;NVE14983;NVE23265,25.3315258,24.12888336,27.29193306,24.84861755,25.19674301,25.50582123,,0.159635348,0.40038681
0.69,1.7,NVE9193,27.51382256,23.48929977,27.28832817,23.64306259,27.81200981,24.52384567,,0.158801916,0.770844142
0.69,0.7,NVE16136,25.33213997,28.04103279,25.82556152,26.67074203,25.77826309,28.1132679,,0.158450662,-0.454512914
0.69,1.6,NVE5080,23.19535446,26.8988533,23.6145916,24.62008476,21.50195694,25.45970154,,0.158264802,0.709018707
0.70,1.2,NVE19102,27.33099556,25.20676231,25.67962646,25.83494377,25.91891289,25.64369583,,0.157793393,0.273277283
0.70,1.4,NVE23701,25.83272552,24.85842133,28.73081779,26.02907372,25.9460125,26.00144196,,0.154923435,0.481812159
0.70,0.7,NVE10968,23.72327805,25.44654274,22.66049385,23.68602943,23.72150612,25.73270226,,0.154515594,-0.436641057
0.70,0.6,NVE8043;NVE882,30.08942032,25.59784317,30.16338921,29.88913536,29.91299248,28.06141853,,0.153898766,-0.670964559
0.70,1.4,NVE22553,23.4882431,27.32817268,23.86287308,23.75969315,24.26770973,25.07891655,,0.152832708,0.524323146
0.71,1.4,NVE16757,25.81183815,27.62414932,25.34881401,26.67613411,24.19828033,26.60992241,,0.151010599,0.43348821
0.71,0.8,NVE23777;NVE4964,23.56627846,24.67211914,23.60387993,25.09208488,22.97049713,24.67917061,,0.150292688,-0.299825033
0.71,0.9,NVE3068,22.95028877,24.25997353,23.97762299,24.22339249,23.79946518,23.68324661,,0.149523783,-0.172739665
0.71,0.6,NVE10060,30.13919258,23.35596085,27.28294945,28.68234253,28.41952896,26.19353104,,0.147333541,-0.839099884
0.71,1.2,NVE23819,25.48974419,24.49759293,24.52210999,24.07561493,24.23425293,25.53034973,,0.146887125,0.223076502
0.71,0.8,NVE1389,22.02762794,22.51669884,22.69659424,23.96277046,21.69574738,22.40958214,,0.146819146,-0.275726318
0.71,1.3,NVE22463,23.51448631,24.02284431,23.26384735,22.80073738,22.17248154,24.84081459,,0.146368206,0.329048157
0.72,0.6,NVE2171,21.30391121,26.46937752,24.34725952,24.14740181,23.98354912,25.88369179,,0.144964502,-0.631364822
0.72,0.8,NVE2534,25.32103157,27.88425064,25.3499279,26.527668,25.95471382,27.14248276,,0.1444838,-0.356551488
0.72,0.7,NVE9318,24.84278107,22.46716499,26.63381004,25.26753044,25.21856117,24.86957169,,0.143974933,-0.470635732
0.72,0.8,NVE11807,28.38018036,25.28658485,27.90305519,27.77824974,27.75786209,27.15961838,,0.141482178,-0.375303268
0.72,0.7,NVE12913,24.10461617,28.4022274,25.4897747,26.76205254,25.46067047,27.35598755,,0.141064868,-0.527364095
0.72,0.8,NVE7493,26.23048401,29.06491661,26.2124691,27.09456444,27.0527916,28.58631134,,0.140938232,-0.408599218
0.73,1.1,NVE5660,25.21211624,25.99020958,25.12368393,25.89113045,24.48971367,25.39698792,,0.136501207,0.182725906
0.73,0.7,NVE1879,23.08230782,26.88121986,23.66275215,24.91141129,23.22259712,27.33637047,,0.134941038,-0.614699682
0.73,0.9,NVE7034,27.75531769,28.58827972,26.81933784,27.96631241,27.36894608,28.49171066,,0.134850855,-0.22134463
0.73,0.6,NVE10075,23.44101143,28.06095505,24.24401665,26.41401291,23.96402168,27.26740456,,0.134493699,-0.633152008
0.74,0.8,NVE15734,25.72681618,27.34950638,25.26438332,26.3817234,25.50178909,27.35951042,,0.133616712,-0.300772349
0.75,1.5,NVE24510,29.87664604,27.27097321,28.70299149,24.88739204,29.077425,30.07801056,,0.12539464,0.602594376
0.75,1.9,NVE2187,26.2209053,22.55060005,27.34129906,23.07535362,28.7306881,21.63067627,,0.125359835,0.892028809
0.75,1.3,NVE22476,27.87894249,25.18922043,28.08222961,27.22066498,26.51594543,26.42191315,,0.12532879,0.330622991
0.75,0.7,NVE8266,27.56470871,22.89381027,27.77020454,26.62505531,26.75786209,26.47935677,,0.125000722,-0.544516881
0.75,0.7,NVE7184;NVE7186,26.48813629,22.06153679,27.78624916,26.04599762,26.58262062,25.50336647,,0.124396414,-0.59868749
0.75,1.5,NVE2814,28.8897438,25.6866436,31.14795113,29.12782669,26.48672485,28.31993103,,0.123465233,0.596618652
0.75,0.6,NVE3126,23.31630898,27.07938385,21.95893478,24.7577095,22.61885262,26.97103691,,0.12250723,-0.664323807
0.76,0.9,NVE18014,25.00611687,26.87009048,25.19651794,26.15501022,25.31098175,26.27204132,,0.121747115,-0.221769333
0.76,1.3,NVE25544,29.36114311,26.21658325,27.19657326,27.61771965,27.7149601,26.42791939,,0.121265486,0.337900162
0.76,1.1,NVE799,27.09788322,25.45795059,26.71567917,26.39579582,25.74842453,26.57571411,,0.12076296,0.183859507
0.76,0.7,NVE20844;NVE20846;NVE20847;NVE20848;NVE7715,23.4402504,27.9755249,25.0726738,25.53356171,24.49612999,28.16043472,,0.120500401,-0.567225774
0.76,0.8,NVE3445,27.80353546,30.31678391,28.40669441,29.65669632,27.99345207,29.79488754,,0.116740586,-0.306007385
0.76,1.2,NVE24745,28.37587929,25.42905235,26.58319473,26.65102577,26.51885796,26.39175415,,0.116399597,0.275496165
0.77,0.7,NVE23810,31.48212242,26.84373856,31.20489883,30.61157608,31.3520546,29.12790108,,0.11537788,-0.520257314
0.77,0.7,NVE19125,27.63858223,23.36380577,27.43205261,27.63478088,28.29342461,24.2753315,,0.11470163,-0.589698792
0.77,0.9,NVE23947,27.48093033,27.42989922,26.54330254,26.8560257,27.28938484,27.6689167,,0.113276186,-0.120065053
0.77,1.3,NVE11578,26.86431503,25.45788765,28.77243996,26.31004524,27.60378265,26.18922043,,0.1128713,0.330531438
0.77,1.2,NVE23459,31.09175491,30.08195114,29.48160362,28.32461548,30.30867004,31.13467216,,0.111982323,0.295783997
0.78,1.2,NVE15386,27.67653656,28.6570034,26.37767601,27.0987854,27.17949677,27.80137825,,0.109295837,0.210518519
0.78,0.8,N;NVE14104;NVE14707;NVE18669;NVE19301;NVE19440;NVE20560;NVE21353;NVE21356;NVE22196;NVE22353;NVE23184;NVE23384;NVE24004;NVE24019;NVE24024;NVE24050;NVE24175;NVE24230;NVE24358;NVE24360;NVE24630;NVE24648;NVE2470;NVE24857;NVE5226;NVE5231;NVE6466;NVE8840;NVE8849,28.16106033,25.54238701,27.14889717,28.06661034,27.49495506,26.14683914,,0.10836856,-0.285353343
0.78,1.1,NVE9330,25.82672501,26.27730179,24.9414978,25.7448101,25.03040123,25.85019302,,0.10776028,0.14004008
0.78,1.2,NVE23965,26.14291191,24.68024445,27.73427963,26.16716194,25.92365646,25.67661667,,0.106351867,0.263333639
0.79,1.3,NVE4694,21.17969704,25.2991848,24.91465378,22.73595238,23.55683899,23.93102837,,0.10312352,0.389905294
0.79,0.8,NVE7822,29.81660843,30.2125721,27.40641022,29.37670708,29.80688858,29.02836227,,0.102822351,-0.258789063
0.79,0.7,NVE10419,29.59592628,25.36148643,29.94083786,29.41723633,28.92877579,27.86413765,,0.101930121,-0.437299728
0.79,0.7,NVE11748,27.41151047,23.26127625,27.77931404,25.92648697,27.5892086,26.24241829,,0.101891035,-0.435337702
0.79,1.2,NVE16291;NVE23244,28.62669182,25.97830009,27.58132744,27.13163376,27.35758209,27.03841972,,0.101685568,0.219561259
0.79,0.9,NVE20412,27.8282032,29.11731148,27.34172249,28.11802864,27.84194183,28.83888054,,0.100828557,-0.170537949
0.80,1.2,NVE7749,27.17474174,29.35642815,26.25062561,27.26517105,26.76926041,27.94190025,,0.098014946,0.26848793
0.80,1.2,NVE2017,24.51099014,24.77690887,23.1585865,22.26568031,23.35164642,25.86414909,,0.097861673,0.321669896
0.80,1.2,NVE25858,27.54899979,25.44028282,27.70997429,25.87525558,26.9903183,27.16154099,,0.095970781,0.224047343
0.80,0.7,NVE15088,21.88266182,26.97311783,23.19745636,24.40379715,23.67206383,25.25533485,,0.09563823,-0.425986608
0.80,0.8,NVE11482,22.94488907,26.68832588,23.27500916,24.02242279,24.3474617,25.55952644,,0.094668132,-0.34039561
0.80,0.8,NVE1264,23.39126205,26.02451515,21.94141769,24.36553001,23.0772953,24.96119881,,0.094586067,-0.348943075
0.81,1.2,NVE8310,23.93418121,26.32481384,23.75725174,24.46562958,24.28890991,24.60342789,,0.094081973,0.219426473
0.81,0.7,NVE12930,21.26703072,24.33224297,21.75991631,20.2237606,22.73125648,25.87764359,,0.09261426,-0.491156896
0.81,1.1,NVE1757;NVE7823,30.56810188,29.47171593,28.53051376,29.20601654,29.34146881,29.55979538,,0.092067177,0.154350281
0.81,0.9,NVE13160,26.1213932,26.69338608,23.97202301,25.31651688,25.54792595,26.62477684,,0.090490918,-0.234139125
0.81,1.2,NVE25254,24.04535294,26.34544945,25.88774109,24.74816895,26.24793243,24.62081146,,0.089591421,0.220543543
0.81,0.9,NVE20597,27.10089302,29.30046844,26.85816193,28.04598808,27.73524857,28.07030106,,0.089518321,-0.197338104
0.82,1.1,NVE3437,27.10898781,26.95238113,25.08986473,26.29131889,26.2639904,26.11344719,,0.08777779,0.160825729
0.82,0.9,NVE1814,28.38162422,29.91384888,27.30094719,28.65232658,28.444664,29.07014656,,0.086549372,-0.190238953
0.82,1.1,NVE20089,26.70054626,26.00795746,26.71855736,25.95269203,26.43146133,26.79563141,,0.086517185,0.082425435
0.83,0.9,NVE22721,26.84804535,25.3012104,25.16756439,25.97180367,26.94156456,24.95876694,,0.083293544,-0.185105006
0.83,0.9,NVE6380,24.31278229,26.31731033,24.55508423,25.35628891,24.34502792,26.04965782,,0.083160162,-0.188599269
0.83,0.8,NVE4209,24.03766632,27.55669212,25.96978569,26.15394783,25.0494709,27.19966698,,0.083007701,-0.279647191
0.83,1.3,NVE3083,22.64530754,27.60201263,25.05635071,24.26613617,23.40197563,26.47750664,,0.080187292,0.386017481
0.83,1.0,NVE12868,23.71030235,24.69013786,24.20179939,24.16077232,24.46762085,24.17797661,,0.080079067,-0.068043391
0.84,0.8,NVE10553,29.55056,26.42356682,31.59814835,29.44565201,30.0142498,29.12580872,,0.077932299,-0.337811788
0.84,0.9,NVE16356,28.07917976,29.98996544,27.51209068,28.46146774,28.23192024,29.43726158,,0.077138978,-0.183137894
0.84,0.8,NVE4437,22.51862144,26.03766632,24.08237267,23.05332947,23.56511688,27.07122231,,0.075951636,-0.350336075
0.84,1.1,NVE5594,24.48443794,25.25349617,22.99131584,24.49820137,23.46737289,24.29256439,,0.07506727,0.157037099
0.84,1.1,NVE8852,27.42838287,29.35108566,27.3176899,27.67492104,26.92908669,28.93940926,,0.073315581,0.184580485
0.84,1.1,NVE3581,25.65698242,28.03721428,25.66811943,25.72249603,25.83781052,27.22167969,,0.073231404,0.193443298
0.85,1.1,NVE8463,23.70651436,25.39250755,23.73489952,24.39348984,23.17625809,24.80459404,,0.072431658,0.153193156
0.85,1.2,NVE7269,30.35237122,25.981287,28.80029869,28.36013794,28.62864113,27.32680321,,0.071313895,0.272791545
0.85,0.8,NVE23818,27.19112396,30.36244011,26.26119423,28.1826725,27.50801468,28.91675568,,0.070791689,-0.264228185
0.85,1.0,NVE8183,24.86221123,25.25638008,24.70413971,24.99079323,24.4661274,25.58588982,,0.070782806,-0.073359807
0.85,0.8,NVE14422,22.67098427,26.23726463,22.33548355,22.60360909,23.97000504,25.58943748,,0.070664724,-0.306439718
0.85,0.7,NVE11633,29.62100792,22.18688774,25.67747879,28.21136475,27.45881081,23.3997612,,0.070657425,-0.528187434
0.85,0.9,NVE22317,29.27604294,31.61394882,28.56376457,30.0111866,29.46076393,30.565382,,0.069776989,-0.194525401
0.85,0.8,NVE3732,28.68257713,24.3644619,27.66559982,27.66173363,27.57866669,26.28325081,,0.068543736,-0.270337423
0.86,1.2,NVE7711,23.71826935,28.10704422,23.40002251,24.68201447,24.03263092,25.58949471,,0.067640291,0.307065328
0.86,1.1,NVE22695,25.11688042,23.59798431,25.95491219,25.12289429,24.10924721,25.00628853,,0.065881889,0.143782298
0.86,0.9,NVE9267,24.07120132,26.55631256,24.09844398,26.07071114,24.12226295,25.08553505,,0.064240834,-0.184183757
0.86,1.2,NVE7851,28.31997299,24.20239639,25.39132881,24.76167107,26.95604324,25.43323135,,0.063847651,0.254250844
0.86,1.1,NVE13163,25.37398148,28.25561333,25.26456261,26.01741791,25.43504524,26.86159706,,0.063217643,0.193365733
0.87,1.1,NVE9201,24.96595955,25.09446335,23.52921867,24.20142365,23.56080818,25.44625854,,0.058880494,0.1270504
0.87,0.9,NVE7520,28.22393608,31.32806587,28.8403511,29.7722683,28.84224129,30.30812836,,0.058783805,-0.176761627
0.87,0.9,NVE17049,27.3179493,29.65217209,26.4262085,27.88384438,27.69252205,28.31276512,,0.058039678,-0.164267222
0.88,0.9,NVE19183,26.70120811,28.79965019,26.51043129,26.76824951,27.63131523,28.01456833,,0.056518286,-0.134281158
0.88,1.2,NVE20414,21.76119804,26.15649605,21.02019119,22.4934082,22.73799515,22.94603157,,0.054335423,0.253483454
0.88,1.1,NVE13575,25.84119797,28.1611557,26.14016342,26.80734825,25.88522911,27.06794548,,0.054032826,0.127331416
0.88,0.9,NVE9354,26.70635605,29.42245865,26.69736862,27.5382328,26.95537758,28.82847595,,0.053601577,-0.165301005
0.88,1.1,NVE3331;NVE3334,27.82608414,26.15919495,26.65785408,27.0527916,25.66057777,27.57708359,,0.053595242,0.117560069
0.88,1.2,NVE25776,26.83074379,29.83647346,25.73830414,27.39190102,26.33456421,28.0651741,,0.053192591,0.204627355
0.88,1.1,NVE3894,24.92655563,27.27399826,24.43663406,25.85725975,25.03170586,25.3277626,,0.053132583,0.140153249
0.89,0.8,NVE6694,25.09047127,22.95138741,27.80587387,24.94454002,27.61645699,24.09828377,,0.052920266,-0.270516078
0.89,0.9,NVE21000,25.26033401,27.92082024,24.68158531,26.46291924,25.09398079,26.82250214,,0.052551945,-0.172220866
0.89,1.2,NVE15529,35.09961319,29.96512985,33.44665146,33.33431244,33.06238174,31.37590981,,0.051883652,0.246263504
0.89,1.3,NVE16820,23.83161354,27.29508972,24.6125679,20.91551399,26.47931099,27.32928658,,0.051278066,0.338386536
0.89,1.3,NVE5716,24.52444458,28.64598656,24.4061985,22.46847534,25.82444572,28.30795479,,0.050983977,0.325251261
0.89,1.1,NVE13457,28.89940071,26.69112396,26.55150986,26.68445015,27.66803741,27.42718315,,0.0508605,0.120787938
0.89,0.9,NVE17090,23.82784081,23.20193291,24.77690887,25.51192474,23.74067497,22.93930244,,0.049668177,-0.128406525
0.89,0.9,NVE17752,27.82110214,26.23258972,29.53706741,28.23402405,27.6654644,28.10549545,,0.04883659,-0.138074875
0.90,0.8,NVE2049,28.51442528,23.68228149,28.26311302,27.31535912,28.13672638,25.73034477,,0.047926589,-0.240870158
0.90,0.9,NVE23699,21.81104469,25.9413414,21.74343491,22.862854,23.2209301,23.99851799,,0.046854899,-0.195493698
0.90,1.1,NVE20506,26.10749245,28.5007019,26.66871452,27.4759922,25.84316444,27.59505463,,0.04502767,0.1208992
0.90,1.1,NVE24100,23.62232018,23.84555817,21.03907013,22.41436577,22.44116402,23.28559685,,0.044048125,0.121940613
0.90,1.0,NVE7538,22.77615547,23.03676033,23.03199196,23.57542419,21.94777679,23.13128853,,0.04391169,0.063472748
0.91,0.9,NVE24307,24.81342888,24.32813835,25.15919495,25.94277382,24.66454315,23.92592812,,0.041450189,-0.077494303
0.91,1.2,NVE20813,32.99787521,27.73091507,32.31781006,31.24501801,31.25045013,29.94558907,,0.040135347,0.201847712
0.91,1.0,NVE18947,27.3424015,25.75923538,26.03006363,26.57388115,26.70990944,25.64212799,,0.039300716,0.068593979
0.91,0.9,NVE9284,23.1668663,26.84744835,23.57957458,24.87417603,22.72434044,26.54776382,,0.038932111,-0.184130351
0.91,1.1,NVE45,25.620924,24.92800331,27.23626137,26.33800316,25.6250267,25.5723629,,0.038892179,0.083265305
0.92,0.9,NVE1247,24.88376236,28.51412392,25.99479103,26.65198326,25.35669136,27.81732559,,0.038057767,-0.144440969
0.92,0.9,NVE5196,25.6404171,28.07673645,25.39440536,26.40756226,26.0128231,26.99258804,,0.037779134,-0.100471497
0.92,1.1,NVE414,27.73259735,24.03237724,26.94592476,26.22002029,26.43976021,25.67766571,,0.036744967,0.12448438
0.92,1.1,NVE20808,25.08816719,26.56462097,22.80683899,25.76774597,24.97311783,23.30270958,,0.035773445,0.138684591
0.92,0.9,NVE24319,28.96708298,24.6624794,28.02067566,27.88396072,28.01478195,26.19347572,,0.034802427,-0.147326787
0.92,1.1,NVE1563,25.32096291,26.79426765,25.19204521,26.09496689,24.56255722,26.41354561,,0.034644799,0.078735352
0.93,1.0,NVE21967,25.84928703,24.8338356,25.08832932,24.86457443,25.74393845,25.04147148,,0.033654696,0.040489197
0.93,1.1,NVE3351,26.55073166,23.9717598,25.19857979,24.74103355,25.49893188,25.25006676,,0.033455404,0.077013016
0.93,1.0,NVE18839;NVE25777,25.0085125,25.90037346,24.68832588,25.38751984,24.46001434,25.60501099,,0.032227091,0.048222224
0.93,0.9,NVE15894,24.94216919,25.52324867,24.72743988,23.57600212,25.77567863,26.07551384,,0.032006262,-0.078112284
0.93,1.1,NVE23181,28.45697212,29.71675873,27.34654999,28.83677483,27.56259918,28.89983177,,0.030579372,0.073691686
0.93,0.9,NVE24810,25.61068344,28.55683899,28.04239082,26.10543633,27.2616787,29.1777153,,0.029428541,-0.111639023
0.94,0.9,NVE4251,22.95688057,26.7202549,22.24817848,24.41744614,23.03456306,24.84503174,,0.027899824,-0.123908997
0.94,0.9,NVE10573,23.568367,26.24203682,24.55859184,25.36349297,23.36078262,25.91278267,,0.027254925,-0.089354197
0.94,1.0,NVE23813,29.06953239,30.88438225,28.62644958,29.73650551,28.99830437,30.02815247,,0.027023394,-0.060866038
0.94,0.9,NVE3937,22.75572586,24.08618355,23.13531876,23.9656086,20.90562057,25.43007469,,0.026040189,-0.108025233
0.94,1.0,NVE814,25.46497536,25.5321064,25.73184776,25.52384567,26.20812035,25.0754509,,0.025866095,-0.026162465
0.94,1.0,NVE8355,25.06878471,26.80439758,25.33439255,26.34947205,24.52294922,26.15929031,,0.024771235,0.058621089
0.95,1.0,NVE13301,27.12099838,25.48707771,28.71747971,27.34384155,27.02928543,26.75098038,,0.023677855,0.06714948
0.95,1.0,NVE19031;NVE19033;NVE19035,24.72134972,27.444664,25.27827644,26.09597206,24.90462875,26.26241302,,0.021576095,0.06042544
0.95,0.9,NVE2792,22.21386147,26.54946899,25.32820702,25.23004341,23.71313858,25.41882896,,0.021494679,-0.090157827
0.96,1.0,NVE8192,27.39402962,27.14433289,24.08666992,25.22941971,26.50886154,26.69776535,,0.018063595,0.062995275
0.96,1.0,NVE11431,22.80974388,26.90104103,25.81340408,25.26977921,24.46905136,25.99595642,,0.017936632,-0.070199331
0.96,1.0,NVE19503,26.31939697,28.17949677,26.50165176,27.00988007,26.76875496,27.12543869,,0.017769028,0.032157262
0.96,1.0,NVE20034,25.41660881,27.93539619,25.31813812,26.5629921,25.36212158,26.90150261,,0.017762711,-0.05215772
0.96,1.0,NVE14552,28.95393562,30.36671829,28.99075127,29.4464016,28.87117767,29.90913391,,0.016932228,0.028230667
0.96,1.1,NVE23460,28.81625748,26.51899338,25.53940201,24.71140671,28.08734894,27.8595829,,0.016390746,0.072104772
0.96,1.0,NVE4170,24.01631355,26.15151215,24.8854847,25.46142006,24.05845833,25.42412758,,0.015625721,0.036434809
0.96,1.0,NVE4298,28.19417953,26.17409515,29.47562408,27.86938286,28.25831223,27.8521595,,0.015482078,-0.045318604
0.97,1.0,NVE15276,25.03069496,26.13864136,25.90557098,25.71499825,24.38660049,26.87759781,,0.013272136,0.031903585
0.97,1.0,NVE2538,24.65719986,26.42897415,24.89809227,25.55118752,24.13664818,26.20142365,,0.012695203,0.031668981
0.97,1.0,NVE12879,29.17300415,24.96225739,29.86556816,28.31103325,28.60713768,26.90793228,,0.011873318,0.058242162
0.97,1.0,NVE3700,23.92424583,25.5292778,23.63522339,23.89929008,23.88604355,25.22537994,,0.011633983,0.026011149
0.98,1.1,NVE1252,29.43507576,23.32484818,24.72738838,28.1765976,26.44799423,22.61813545,,0.010873977,0.081528346
0.98,1.0,NVE26011;NVE26012,27.83551025,23.44088364,26.04949188,25.79756165,25.60249329,25.82405663,,0.008732827,0.033924739
0.98,1.0,NVE12039,25.07997322,25.97200012,26.06812859,26.13330078,24.99791527,26.02590942,,0.008463812,-0.012341181
0.98,1.0,NVE11271,26.31433868,28.60211945,25.89182472,26.7425251,26.29186249,27.70266151,,0.008313864,0.023744583
0.98,1.0,NVE2015,25.8426857,26.26361465,25.20015335,24.86159706,25.14378738,27.35917473,,0.007502412,-0.01936849
0.98,1.0,NVE25076,23.0777359,26.46939278,22.96840668,25.03741455,23.59684753,23.96216965,,0.007212169,-0.026965459
0.98,1.0,NVE4488,26.22806358,25.38896561,26.61778831,26.17380905,26.31977463,25.76698685,,0.007073268,-0.00858434
0.99,1.0,NVE2188,27.64347649,22.57906532,27.43714142,25.5688591,27.91433334,24.07095528,,0.005774682,0.035178502
0.99,1.0,NVE11257,24.71512985,25.92750549,24.43345261,25.36566353,23.98754501,25.68712425,,0.005628745,0.011918386
0.99,1.0,NVE25693,24.90412331,25.43345261,24.09030914,25.42844582,24.50221443,24.47265053,,0.005357717,0.008191427
0.99,1.0,NVE18617;NVE18622,27.2614994,25.98609161,27.03695297,26.5145607,27.53564072,26.21061325,,0.00461383,0.007909775
0.99,1.0,NVE11447,29.56017876,25.4873848,28.98011017,28.60381699,27.91775131,27.45065498,,0.004601227,0.01848348
0.99,1.0,NVE5875,30.42472267,31.55371284,30.27430916,30.31224632,30.80578232,31.15442467,,0.004558113,-0.006569544
0.99,1.0,NVE7522,27.23680878,30.46849632,26.76078415,27.75078964,27.66709137,29.09677696,,0.004227394,-0.016189575
0.99,1.0,NVE21578,25.92614746,24.55660439,27.91832161,26.44572258,25.98867226,25.9319973,,0.003822358,0.01156044
0.99,1.0,NVE24121,22.63401222,24.94605827,23.06465912,24.17058372,22.1472168,24.30410194,,0.002497022,0.007609049
1.00,1.0,NVE15920,25.37046051,26.74675941,26.21865273,24.8587532,24.76238251,28.74082184,,0.002071675,-0.008694967
1.00,1.0,NVE15236,26.66383743,22.86281586,27.84995461,22.49579811,26.60385323,28.31540298,,0.001826593,-0.012815475
1.00,1.0,NVE23993,26.79265594,26.02223206,26.88215446,26.25810623,26.81653214,26.6173687,,0.001721971,0.001678467
1.00,1.0,NVE3071,27.116642,22.90980148,27.72572517,26.66410828,26.0948658,24.98580933,,0.000503896,0.002461751
